Member id,SEC,FEH,MT,SEX,AGE,EDU,HS,CHILD,CS,Affluence Index,No.of.Brands,Brand Runs,Total Volume,No. of  Trans,Value,Trans / Brand Runs,Vol/Tran,Avg.Price,Pur.Vol.No.Promo,Pur Vol Promo 6 %,Pur Vol Other Promo %,"Br. Cd. 57, 144",Br. Cd. 55,Br. Cd. 272,Br. Cd. 286,Br. Cd. 24,Br. Cd. 481,Br. Cd. 352,Br. Cd. 5,Others 999,Pr Cat 1,Pr Cat 2,Pr Cat 3,Pr Cat 4,PropCat 5,PropCat 6,PropCat 7,PropCat 8,PropCat 9,PropCat 10,PropCat 11,PropCat 12,PropCat 13,PropCat 14,PropCat 15
1010010,4,3,10,1,4,4,2,4,1,2,3,17,8025,24,818,1.41,334.38,10.19,100%,0%,0%,38%,13%,0%,0%,0%,0%,0%,0%,49.20%,23%,56%,13%,7%,50%,0%,0%,0%,0%,0%,0%,3%,0%,13%,34%
1010020,3,2,10,2,2,4,4,2,1,19,5,25,13975,40,1681.5,1.6,349.38,12.03,89%,10%,2%,2%,8%,0%,0%,0%,6%,0%,14%,69.90%,29%,55%,9%,6%,46%,35%,3%,2%,1%,0%,6%,0%,0%,8%,0%
1014020,2,3,10,2,4,5,6,4,1,23,5,37,23100,63,1950,1.7,366.67,8.44,94%,2%,4%,3%,55%,0%,3%,0%,0%,0%,2%,37.90%,12%,32%,56%,0%,24%,12%,3%,1%,1%,0%,0%,2%,0%,56%,0%
1014030,4,0,0,0,4,0,0,5,0,0,2,4,1500,4,114,1,375,7.6,100%,0%,0%,40%,60%,0%,0%,0%,0%,0%,0%,0.00%,0%,40%,60%,0%,40%,0%,0%,0%,0%,0%,0%,0%,0%,60%,0%
1014190,4,1,10,2,3,4,4,3,1,10,3,6,8300,13,591,2.17,638.46,7.12,61%,14%,24%,5%,14%,0%,0%,0%,0%,0%,0%,80.70%,0%,5%,14%,81%,81%,0%,0%,5%,0%,0%,0%,0%,0%,14%,0%
1017020,4,3,10,2,3,4,5,2,1,13,3,26,18175,41,1705.5,1.58,443.29,9.38,100%,0%,0%,8%,7%,0%,0%,0%,0%,0%,0%,85.70%,22%,45%,7%,27%,49%,10%,0%,1%,7%,0%,0%,0%,0%,7%,27%
1017110,4,2,10,2,4,1,3,2,1,11,4,17,9950,26,1007.5,1.53,382.69,10.13,98%,2%,0%,45%,5%,1%,0%,0%,0%,0%,0%,49.50%,7%,66%,5%,23%,82%,0%,2%,1%,0%,0%,0%,0%,0%,5%,10%
1017160,4,3,10,2,2,4,5,3,0,0,3,8,9300,25,569.5,3.13,372,6.12,94%,0%,6%,4%,79%,0%,0%,0%,0%,0%,0%,16.70%,4%,4%,90%,2%,6%,0%,0%,0%,0%,0%,0%,1%,0%,90%,3%
1017360,4,3,10,2,4,4,6,4,1,17,2,12,26490,27,3113.5,2.25,981.11,11.75,90%,10%,0%,39%,0%,0%,0%,0%,0%,0%,0%,61.50%,11%,89%,0%,0%,70%,28%,0%,0%,2%,0%,0%,0%,0%,0%,0%
1017460,1,3,5,1,4,7,3,4,1,6,4,13,7455,18,990.5,1.38,414.17,13.29,100%,0%,0%,7%,12%,0%,0%,0%,0%,0%,40%,41.00%,61%,10%,12%,17%,24%,46%,15%,0%,0%,0%,0%,0%,0%,12%,3%
1017490,4,3,10,2,4,4,6,4,1,30,4,24,16275,42,1555.5,1.75,387.5,9.56,82%,17%,1%,2%,0%,0%,0%,0%,3%,0%,0%,94.30%,24%,15%,0%,60%,79%,0%,12%,0%,4%,1%,3%,0%,0%,0%,2%
1020070,3,3,10,2,1,4,5,4,1,18,4,21,13875,61,1547.75,2.9,227.46,11.15,99%,1%,0%,34%,8%,0%,0%,0%,0%,6%,0%,51.90%,41%,52%,8%,0%,44%,0%,42%,0%,4%,0%,0%,0%,0%,8%,2%
1020210,4,3,17,2,3,3,4,3,2,8,3,9,20675,26,1538,2.89,795.19,7.44,100%,0%,0%,3%,0%,0%,0%,0%,1%,0%,0%,95.50%,6%,3%,0%,91%,98%,1%,0%,0%,0%,0%,1%,0%,0%,0%,0%
1024050,4,3,17,2,3,3,6,4,1,10,4,10,15450,28,1275.5,2.8,551.79,8.26,100%,0%,0%,37%,32%,0%,0%,0%,0%,9%,0%,22.00%,0%,49%,32%,19%,59%,0%,9%,0%,0%,0%,0%,0%,0%,32%,0%
1024100,3,1,13,2,4,3,6,4,1,15,2,8,9150,25,917,3.13,366,10.02,100%,0%,0%,39%,0%,0%,0%,0%,0%,0%,0%,60.70%,3%,68%,8%,21%,63%,0%,5%,0%,0%,0%,0%,0%,0%,8%,24%
1024120,4,3,10,2,4,3,5,1,2,13,4,19,16050,50,1518,2.63,321,9.46,100%,0%,0%,18%,19%,0%,0%,0%,0%,27%,0%,35.80%,8%,65%,19%,7%,42%,2%,29%,0%,7%,0%,0%,1%,0%,19%,0%
1024220,4,3,10,2,4,3,4,4,0,11,7,28,19150,38,1914,1.36,503.95,9.99,89%,5%,6%,8%,11%,9%,9%,0%,0%,3%,2%,56.40%,9%,62%,11%,18%,49%,2%,7%,12%,3%,0%,0%,0%,0%,11%,16%
1024400,4,3,10,2,4,1,6,2,0,4,4,13,14625,31,1395,2.38,471.77,9.54,100%,0%,0%,61%,19%,0%,0%,0%,3%,0%,0%,17.10%,3%,70%,19%,7%,71%,3%,0%,0%,3%,0%,3%,0%,0%,19%,0%
1024630,4,3,17,2,3,4,5,2,1,14,3,12,14400,21,1308.5,1.75,685.71,9.09,92%,8%,0%,35%,6%,0%,0%,0%,0%,0%,0%,58.30%,0%,54%,6%,40%,86%,3%,0%,5%,0%,0%,0%,0%,0%,6%,0%
1025070,3,0,0,0,2,0,0,5,0,0,2,4,675,4,123.5,1,168.75,18.3,33%,67%,0%,0%,0%,0%,0%,11%,0%,0%,0%,88.90%,100%,0%,0%,0%,0%,0%,22%,0%,0%,33%,0%,33%,11%,0%,0%
1025140,4,0,0,0,2,0,0,5,0,0,2,4,6400,8,368,2,800,5.75,58%,0%,42%,0%,94%,0%,0%,0%,0%,0%,0%,6.30%,0%,0%,94%,6%,6%,0%,0%,0%,0%,0%,0%,0%,0%,94%,0%
1025210,2,3,17,2,2,5,5,2,1,4,3,3,7550,26,434,8.67,290.38,5.75,96%,0%,4%,1%,97%,0%,0%,0%,0%,0%,0%,1.30%,0%,1%,97%,1%,3%,0%,0%,0%,0%,0%,0%,0%,0%,97%,0%
1027040,4,3,10,2,3,4,7,4,1,11,3,4,32000,27,1864,6.75,1185.19,5.83,95%,1%,5%,0%,98%,0%,0%,0%,1%,0%,0%,0.90%,1%,1%,98%,0%,0%,0%,0%,0%,0%,0%,1%,0%,0%,98%,0%
1027160,3,0,0,0,3,0,0,5,0,0,3,3,1600,4,111,1.33,400,6.94,100%,0%,0%,19%,75%,0%,0%,0%,0%,0%,0%,6.30%,6%,19%,75%,0%,19%,0%,0%,0%,6%,0%,0%,0%,0%,75%,0%
1027210,4,0,0,0,3,0,0,5,0,0,3,5,2825,5,300,1,565,10.62,100%,0%,0%,0%,53%,32%,0%,0%,0%,0%,0%,15.00%,15%,32%,53%,0%,0%,0%,8%,32%,7%,0%,0%,0%,0%,53%,0%
1027390,3,3,10,2,3,5,4,3,0,18,3,41,16730,67,2156,1.63,249.7,12.89,97%,0%,3%,16%,0%,0%,0%,3%,0%,0%,0%,81.80%,44%,34%,0%,22%,41%,4%,10%,27%,4%,0%,0%,4%,3%,0%,8%
1027480,4,1,4,2,4,4,7,4,0,9,2,3,10800,25,1141,8.33,432,10.56,100%,0%,0%,89%,0%,0%,0%,0%,0%,0%,0%,11.10%,2%,98%,0%,0%,98%,0%,0%,0%,2%,0%,0%,0%,0%,0%,0%
1027540,3,3,10,2,2,3,2,4,1,11,2,16,12425,39,1322.5,2.44,318.59,10.64,99%,1%,0%,68%,0%,0%,0%,0%,0%,0%,0%,32.40%,15%,80%,0%,4%,85%,0%,1%,0%,14%,1%,0%,0%,0%,0%,0%
1027580,4,3,10,2,2,4,6,3,1,13,3,13,10925,27,943,2.08,404.63,8.63,88%,3%,8%,12%,0%,0%,0%,0%,0%,1%,0%,87.20%,0%,35%,0%,65%,92%,0%,1%,8%,0%,0%,0%,0%,0%,0%,0%
1027680,4,0,0,0,2,0,0,5,0,0,2,2,6050,8,381.5,4,756.25,6.31,100%,0%,0%,13%,87%,0%,0%,0%,0%,0%,0%,0.00%,0%,13%,87%,0%,13%,0%,0%,0%,0%,0%,0%,0%,0%,87%,0%
1027720,4,1,10,2,4,4,4,2,2,4,2,2,15100,24,865,12,629.17,5.73,100%,0%,0%,0%,95%,0%,0%,0%,0%,0%,0%,4.60%,0%,0%,95%,5%,5%,0%,0%,0%,0%,0%,0%,0%,0%,95%,0%
1027750,4,3,10,2,2,1,5,3,1,9,3,13,7475,15,734.5,1.15,498.33,9.83,93%,0%,7%,4%,0%,0%,0%,0%,8%,0%,0%,88.00%,27%,27%,0%,45%,64%,6%,14%,0%,1%,7%,8%,0%,0%,0%,0%
1027810,4,0,0,0,2,0,0,5,0,0,2,2,1050,5,74,2.5,210,7.05,100%,0%,0%,29%,71%,0%,0%,0%,0%,0%,0%,0.00%,0%,29%,71%,0%,29%,0%,0%,0%,0%,0%,0%,0%,0%,71%,0%
1027840,2,3,5,2,3,1,3,4,2,4,1,1,22050,23,1249.5,23,958.7,5.67,100%,0%,0%,0%,100%,0%,0%,0%,0%,0%,0%,0.00%,0%,0%,100%,0%,0%,0%,0%,0%,0%,0%,0%,0%,0%,100%,0%
1028020,4,3,16,2,2,4,5,2,0,5,2,3,18600,23,1046,7.67,808.7,5.62,95%,0%,5%,0%,94%,0%,0%,0%,0%,0%,0%,6.50%,0%,0%,100%,0%,0%,0%,0%,0%,0%,0%,0%,0%,0%,100%,0%
1028050,3,3,16,2,2,1,5,2,1,8,2,24,12475,40,1268.5,1.67,311.88,10.17,85%,13%,2%,0%,6%,0%,0%,0%,0%,0%,0%,94.00%,31%,4%,6%,59%,68%,17%,1%,4%,1%,0%,0%,0%,0%,6%,2%
1028110,4,3,10,2,2,4,3,2,0,2,2,6,4800,24,360.5,4,200,7.51,96%,4%,0%,0%,0%,0%,0%,0%,0%,8%,0%,91.70%,4%,8%,4%,83%,83%,0%,8%,0%,0%,0%,0%,0%,0%,4%,4%
1028230,4,2,10,2,4,3,4,2,1,10,2,6,10050,24,899,4,418.75,8.95,100%,0%,0%,0%,3%,0%,0%,0%,0%,0%,0%,97.00%,0%,0%,3%,97%,27%,0%,0%,70%,0%,0%,0%,0%,0%,3%,0%
1030040,4,3,10,2,4,0,6,4,2,11,1,1,15000,23,850,23,652.17,5.67,100%,0%,0%,0%,100%,0%,0%,0%,0%,0%,0%,0.00%,0%,0%,100%,0%,0%,0%,0%,0%,0%,0%,0%,0%,0%,100%,0%
1030150,4,0,0,0,4,0,0,5,0,0,3,8,3325,8,278.5,1,415.63,8.38,100%,0%,0%,34%,54%,0%,0%,0%,0%,0%,0%,12.00%,7%,39%,54%,0%,34%,12%,0%,0%,0%,0%,0%,0%,0%,54%,0%
1030200,3,1,4,2,4,1,4,4,2,13,2,11,10325,19,674.25,1.73,543.42,6.53,98%,2%,0%,0%,3%,0%,0%,0%,0%,0%,0%,97.10%,4%,86%,3%,7%,9%,2%,2%,0%,0%,0%,0%,0%,0%,3%,84%
1030280,4,3,10,2,1,1,6,1,2,6,3,10,15400,38,990,3.8,405.26,6.43,100%,0%,0%,0%,88%,0%,0%,2%,0%,0%,0%,10.40%,3%,6%,90%,0%,6%,0%,1%,0%,1%,0%,0%,0%,2%,90%,0%
1030300,2,3,16,2,4,1,9,4,1,14,3,6,23500,28,1585,4.67,839.29,6.74,92%,0%,8%,0%,89%,0%,0%,0%,0%,0%,4%,6.80%,8%,3%,89%,0%,0%,6%,2%,0%,0%,2%,0%,0%,0%,89%,0%
1034020,4,0,0,0,2,0,0,5,0,0,1,1,900,5,51,5,180,5.67,100%,0%,0%,0%,100%,0%,0%,0%,0%,0%,0%,0.00%,0%,0%,100%,0%,0%,0%,0%,0%,0%,0%,0%,0%,0%,100%,0%
1034130,4,1,17,2,4,4,8,3,0,8,2,3,34200,24,2468,8,1425,7.22,100%,0%,0%,2%,0%,0%,0%,0%,0%,0%,0%,98.20%,0%,2%,0%,98%,100%,0%,0%,0%,0%,0%,0%,0%,0%,0%,0%
1034220,3,3,10,2,4,4,4,4,1,11,5,7,9400,24,1119.5,3.43,391.67,11.91,95%,5%,0%,0%,8%,5%,0%,0%,67%,2%,0%,18.10%,0%,88%,12%,0%,0%,11%,5%,5%,0%,0%,67%,0%,0%,12%,0%
1034350,4,0,0,0,3,0,0,5,0,0,3,7,3925,9,306,1.29,436.11,7.8,95%,5%,0%,8%,11%,0%,0%,0%,0%,0%,0%,80.90%,2%,8%,11%,79%,87%,0%,0%,0%,0%,0%,0%,2%,0%,11%,0%
1035020,4,3,10,2,4,1,3,4,1,9,4,15,9800,23,941,1.53,426.09,9.6,100%,0%,0%,14%,0%,2%,0%,0%,0%,54%,0%,29.80%,6%,73%,2%,18%,36%,1%,54%,7%,0%,0%,0%,0%,0%,2%,0%
1035100,4,0,0,0,3,0,0,5,0,0,1,1,4950,7,280.5,7,707.14,5.67,100%,0%,0%,0%,100%,0%,0%,0%,0%,0%,0%,0.00%,0%,0%,100%,0%,0%,0%,0%,0%,0%,0%,0%,0%,0%,100%,0%
1035150,3,1,4,2,4,7,9,2,1,37,5,25,19910,43,2865.5,1.72,463.02,14.39,96%,1%,3%,12%,0%,1%,0%,2%,0%,0%,7%,77.80%,62%,38%,0%,0%,13%,21%,20%,21%,1%,2%,0%,3%,2%,0%,16%
1037050,4,3,10,2,4,1,5,1,2,10,3,4,21150,20,1326,5,1057.5,6.27,89%,0%,11%,0%,94%,4%,0%,0%,0%,0%,0%,2.10%,0%,4%,94%,2%,2%,0%,0%,4%,0%,0%,0%,0%,0%,94%,0%
1037120,4,1,4,2,2,4,10,3,1,14,3,10,15875,22,1835,2.2,721.59,11.56,100%,0%,0%,58%,0%,0%,0%,0%,23%,0%,0%,18.90%,6%,94%,0%,0%,77%,0%,0%,0%,0%,0%,23%,0%,0%,0%,0%
1037190,2,1,4,2,2,1,6,1,1,12,3,12,6825,18,468,1.5,379.17,6.86,99%,1%,0%,6%,57%,0%,0%,0%,0%,0%,0%,37.00%,4%,21%,57%,18%,23%,1%,2%,2%,0%,0%,0%,0%,0%,57%,14%
1037220,4,3,17,2,1,4,15,1,1,37,5,33,26375,34,2696,1.03,775.74,10.22,80%,19%,1%,14%,3%,3%,0%,0%,0%,1%,0%,80.20%,20%,71%,3%,6%,74%,0%,4%,11%,0%,4%,0%,1%,0%,3%,3%
1037250,3,3,10,2,4,1,4,4,1,7,2,2,16350,23,949.5,11.5,710.87,5.81,100%,0%,0%,0%,98%,0%,0%,0%,0%,0%,0%,1.80%,0%,2%,98%,0%,0%,2%,0%,0%,0%,0%,0%,0%,0%,98%,0%
1037290,4,3,10,2,1,4,9,3,1,16,3,12,18275,31,2225.5,2.58,589.52,12.18,90%,10%,0%,41%,0%,0%,0%,0%,34%,0%,0%,25.30%,6%,89%,0%,5%,61%,0%,0%,0%,0%,0%,34%,5%,0%,0%,0%
1037420,4,3,10,2,4,3,5,4,1,17,3,18,30350,41,2121.5,2.28,740.24,6.99,90%,3%,7%,0%,80%,0%,0%,0%,0%,0%,0%,20.20%,12%,4%,80%,4%,7%,3%,0%,3%,5%,1%,0%,0%,0%,80%,1%
1037630,4,3,6,2,4,5,4,4,1,11,5,24,19000,28,1737,1.17,678.57,9.14,100%,0%,0%,4%,9%,7%,0%,0%,0%,2%,0%,77.60%,13%,26%,17%,43%,69%,0%,2%,10%,0%,2%,0%,0%,0%,17%,0%
1037690,3,1,5,2,3,1,5,4,1,10,2,3,24950,25,1425,8.33,998,5.71,100%,0%,0%,0%,96%,0%,0%,0%,0%,0%,0%,4.40%,0%,0%,99%,1%,1%,4%,0%,0%,0%,0%,0%,0%,0%,96%,0%
1037720,4,1,4,2,4,5,4,4,1,15,4,17,8975,25,867.5,1.47,359,9.67,95%,0%,5%,28%,27%,0%,0%,0%,0%,0%,13%,32.90%,13%,54%,33%,0%,28%,37%,0%,0%,0%,0%,0%,0%,0%,33%,2%
1037850,4,3,10,1,4,5,3,4,1,16,6,23,20070,63,1830.85,2.74,318.57,9.12,94%,6%,0%,1%,7%,1%,7%,0%,0%,19%,0%,64.30%,18%,41%,12%,29%,40%,4%,37%,1%,0%,0%,0%,0%,0%,11%,6%
1037890,4,3,15,1,2,4,8,3,1,7,4,19,19950,48,1526,2.53,415.63,7.65,97%,0%,3%,5%,80%,0%,0%,0%,0%,0%,5%,10.80%,9%,11%,80%,1%,7%,9%,1%,1%,1%,0%,0%,2%,0%,80%,0%
1037940,4,3,10,2,3,3,5,4,1,13,5,4,20100,29,1210,7.25,693.1,6.02,100%,0%,0%,0%,96%,0%,0%,0%,0%,0%,1%,3.70%,1%,4%,96%,0%,0%,1%,4%,0%,0%,0%,0%,0%,0%,96%,0%
1038000,2,3,10,2,4,1,4,4,1,5,3,6,11800,23,1216,3.83,513.04,10.31,100%,0%,0%,87%,5%,0%,0%,0%,0%,0%,0%,7.60%,3%,92%,5%,0%,92%,0%,0%,0%,3%,0%,0%,0%,0%,5%,0%
1038080,3,2,10,2,4,4,5,1,1,17,6,28,11625,44,1366.75,1.57,264.2,11.76,100%,0%,0%,11%,8%,0%,3%,0%,10%,1%,0%,66.70%,42%,49%,8%,1%,38%,6%,38%,0%,0%,0%,10%,0%,0%,8%,0%
1038110,4,2,16,2,4,1,2,4,1,6,3,7,10275,27,741,3.86,380.56,7.21,100%,0%,0%,0%,85%,0%,0%,0%,0%,0%,2%,13.10%,7%,0%,93%,0%,0%,2%,0%,0%,0%,0%,0%,5%,0%,93%,0%
1040080,4,3,10,2,2,1,10,3,1,10,7,24,23325,50,1876.5,2.08,466.5,8.05,89%,11%,0%,15%,46%,3%,4%,0%,0%,6%,1%,25.90%,3%,51%,46%,0%,31%,3%,6%,4%,0%,0%,0%,0%,0%,46%,10%
1040150,2,3,10,2,4,0,8,2,1,26,5,45,24325,73,2896,1.62,333.22,11.91,97%,1%,2%,4%,5%,2%,0%,0%,0%,2%,0%,86.40%,40%,46%,7%,7%,18%,27%,17%,9%,21%,0%,0%,0%,0%,7%,0%
1040190,4,3,10,2,4,1,5,4,2,9,3,7,10475,27,871.5,3.86,387.96,8.32,100%,0%,0%,30%,0%,0%,6%,0%,0%,0%,0%,64.70%,1%,35%,0%,64%,100%,0%,0%,0%,0%,0%,0%,0%,0%,0%,0%
1040250,4,2,10,2,4,4,6,4,1,15,2,3,14550,22,1439,7.33,661.36,9.89,100%,0%,0%,0%,0%,0%,0%,0%,0%,91%,0%,8.60%,0%,93%,7%,0%,0%,0%,93%,0%,0%,0%,0%,0%,0%,7%,0%
1040340,4,3,10,2,4,4,2,4,0,4,4,16,9150,27,949,1.69,338.89,10.37,98%,2%,0%,56%,15%,3%,0%,0%,0%,0%,0%,26.20%,11%,67%,15%,7%,67%,0%,0%,14%,3%,0%,0%,0%,0%,15%,1%
1040370,3,1,4,2,4,2,5,2,1,13,4,26,12050,39,1030.25,1.5,308.97,8.55,86%,6%,8%,0%,1%,2%,0%,0%,7%,0%,0%,89.40%,4%,22%,23%,51%,49%,22%,4%,14%,2%,0%,7%,0%,0%,1%,0%
1044010,4,3,10,2,4,1,4,4,0,2,2,5,12925,25,764.5,5,517,5.91,95%,0%,5%,0%,87%,0%,0%,0%,0%,0%,0%,13.00%,1%,3%,96%,0%,3%,0%,0%,0%,0%,0%,0%,1%,0%,96%,0%
1044140,4,1,4,2,3,4,5,4,1,7,3,12,5600,17,640.5,1.42,329.41,11.44,73%,4%,23%,30%,13%,0%,0%,0%,0%,0%,0%,56.30%,23%,46%,13%,18%,87%,0%,0%,0%,0%,0%,0%,0%,0%,13%,0%
1044370,4,3,10,1,1,1,6,4,2,8,4,16,14850,32,1146.5,2,464.06,7.72,100%,0%,0%,5%,33%,0%,15%,0%,0%,0%,0%,46.50%,3%,30%,37%,30%,57%,6%,0%,0%,0%,0%,0%,0%,0%,37%,0%
1045030,1,1,10,2,2,5,4,1,1,19,3,19,4650,25,619,1.32,186,13.31,89%,10%,2%,25%,0%,0%,0%,0%,0%,0%,3%,72.00%,46%,54%,0%,0%,40%,31%,19%,0%,0%,10%,0%,0%,0%,0%,0%
1045060,4,3,10,2,4,1,2,2,0,1,3,6,2750,9,213.5,1.5,305.56,7.76,100%,0%,0%,0%,33%,3%,0%,0%,0%,0%,0%,64.50%,3%,65%,33%,0%,0%,3%,0%,3%,0%,0%,0%,0%,0%,33%,62%
1045100,4,1,5,2,3,1,3,4,0,2,3,5,8250,26,573.5,5.2,317.31,6.95,95%,0%,5%,19%,75%,0%,0%,0%,0%,0%,0%,6.10%,1%,24%,75%,0%,24%,0%,0%,0%,1%,0%,0%,0%,0%,75%,0%
1045120,3,3,10,2,4,5,6,1,1,22,3,17,21400,32,2648,1.88,668.75,12.37,98%,2%,0%,0%,8%,0%,2%,0%,0%,0%,0%,89.70%,6%,61%,8%,24%,29%,56%,1%,0%,0%,0%,0%,5%,0%,8%,0%
1047210,4,3,10,2,4,1,3,4,2,12,3,7,6825,25,515.5,3.57,273,7.55,100%,0%,0%,13%,22%,0%,0%,0%,0%,0%,0%,64.80%,1%,15%,22%,62%,77%,0%,0%,0%,0%,0%,0%,1%,0%,22%,0%
1047220,3,3,10,2,4,1,4,1,1,6,3,4,6525,23,799.5,5.75,283.7,12.25,100%,0%,0%,0%,9%,0%,0%,0%,5%,0%,0%,86.20%,0%,91%,9%,0%,0%,86%,0%,0%,0%,0%,5%,0%,0%,9%,0%
1047350,4,3,10,2,4,1,8,4,1,13,8,23,26250,65,2340,2.83,403.85,8.91,100%,0%,0%,19%,49%,1%,0%,7%,2%,1%,1%,21.10%,10%,32%,57%,1%,24%,4%,1%,2%,1%,0%,2%,0%,7%,57%,2%
1047420,2,3,10,2,4,0,3,4,1,2,2,2,14350,25,818.5,12.5,574,5.7,96%,0%,4%,0%,99%,0%,0%,0%,0%,0%,0%,0.70%,1%,0%,99%,0%,0%,0%,0%,0%,1%,0%,0%,0%,0%,99%,0%
1047610,4,3,8,2,4,3,2,4,0,11,3,15,7125,33,1196,2.2,215.91,16.79,79%,0%,21%,1%,0%,0%,0%,0%,0%,0%,8%,90.20%,92%,7%,0%,1%,5%,91%,0%,1%,0%,0%,0%,0%,0%,0%,3%
1047650,4,0,0,0,3,0,0,5,0,0,2,4,1050,4,111,1,262.5,10.57,50%,0%,50%,29%,0%,0%,0%,0%,0%,0%,0%,71.40%,21%,79%,0%,0%,79%,0%,21%,0%,0%,0%,0%,0%,0%,0%,0%
1047750,4,3,10,2,3,5,8,2,1,19,5,16,19650,46,1874.25,2.88,427.17,9.54,100%,0%,0%,42%,25%,0%,7%,0%,5%,0%,0%,21.90%,3%,69%,26%,2%,66%,2%,0%,0%,0%,0%,6%,0%,0%,26%,0%
1047760,3,3,9,2,4,1,4,4,1,16,2,13,11450,24,1100.5,1.85,477.08,9.61,74%,26%,0%,0%,0%,8%,0%,0%,0%,0%,0%,92.10%,2%,36%,0%,62%,63%,0%,0%,28%,2%,0%,0%,1%,0%,0%,7%
1047870,4,3,10,2,4,1,6,4,1,22,4,13,29350,35,3070.5,2.69,838.57,10.46,84%,0%,16%,72%,2%,0%,0%,0%,0%,4%,0%,22.30%,0%,97%,2%,0%,93%,0%,5%,0%,0%,0%,0%,0%,0%,2%,0%
1047980,3,0,0,0,4,0,0,5,0,0,1,1,150,1,37,1,150,24.67,100%,0%,0%,0%,0%,0%,0%,100%,0%,0%,0%,0.00%,100%,0%,0%,0%,0%,0%,0%,0%,0%,0%,0%,0%,100%,0%,0%
1050050,4,3,10,2,3,3,6,4,1,19,4,10,15950,27,1031.5,2.7,590.74,6.47,86%,2%,12%,2%,79%,0%,0%,0%,0%,0%,0%,18.70%,0%,14%,79%,7%,14%,4%,2%,0%,0%,0%,0%,0%,0%,79%,0%
1050210,2,1,15,2,4,5,3,4,1,15,6,20,10625,44,2190,2.2,241.48,20.61,100%,0%,0%,7%,0%,0%,3%,32%,1%,0%,4%,53.20%,84%,16%,0%,0%,11%,14%,8%,0%,6%,1%,1%,0%,58%,0%,0%
1054110,3,3,17,2,2,4,8,2,2,14,4,20,25400,40,1950.5,2,635,7.68,94%,6%,0%,19%,37%,0%,0%,0%,0%,2%,0%,41.90%,0%,42%,37%,21%,59%,1%,2%,0%,0%,0%,0%,0%,0%,37%,0%
1054270,4,3,10,2,2,4,2,4,2,5,2,5,9000,30,579.5,6,300,6.44,100%,0%,0%,0%,90%,0%,0%,0%,0%,0%,0%,10.00%,10%,0%,90%,0%,0%,0%,3%,0%,7%,0%,0%,0%,0%,90%,0%
1054310,3,3,10,2,4,4,3,4,1,13,4,17,9300,31,1477.5,1.82,300,15.89,100%,0%,0%,4%,0%,2%,0%,0%,0%,0%,10%,83.60%,70%,30%,0%,0%,5%,91%,0%,2%,0%,1%,0%,0%,0%,0%,0%
1055060,4,3,10,2,2,5,2,4,1,18,5,24,10550,48,1498,2,219.79,14.2,97%,0%,3%,13%,0%,1%,0%,3%,0%,0%,6%,76.80%,22%,76%,0%,1%,23%,62%,0%,1%,0%,0%,0%,7%,3%,0%,4%
1055160,4,3,10,2,2,5,6,3,1,17,5,20,13075,45,1435.5,2.25,290.56,10.98,93%,5%,2%,4%,0%,0%,2%,0%,0%,35%,1%,57.60%,9%,77%,2%,13%,19%,39%,40%,0%,0%,0%,0%,0%,0%,2%,0%
1055260,4,3,10,2,2,4,7,3,2,5,3,5,20125,25,1216,5,805,6.04,100%,0%,0%,0%,93%,0%,0%,0%,0%,0%,0%,6.50%,1%,6%,93%,0%,0%,6%,0%,0%,0%,0%,0%,0%,0%,93%,0%
1055330,3,3,10,2,2,6,5,2,1,6,8,32,12300,57,1367.5,1.78,215.79,11.12,100%,0%,0%,31%,0%,1%,27%,1%,1%,6%,1%,33.50%,5%,91%,2%,2%,69%,20%,6%,3%,0%,0%,1%,0%,1%,0%,0%
1057150,4,3,10,2,4,1,8,2,2,7,2,4,5375,10,388.5,2.5,537.5,7.23,96%,0%,4%,0%,67%,0%,0%,0%,0%,0%,0%,33.00%,9%,14%,77%,0%,0%,14%,0%,0%,9%,0%,0%,0%,0%,77%,0%
1057280,2,3,10,2,3,5,4,4,1,40,2,10,11300,34,1166.5,3.4,332.35,10.32,97%,0%,3%,0%,0%,0%,0%,0%,0%,76%,0%,23.90%,9%,91%,0%,0%,5%,0%,85%,3%,5%,0%,0%,0%,0%,0%,1%
1057410,4,3,10,2,3,3,8,3,0,2,3,17,13950,31,1290.5,1.82,450,9.25,100%,0%,0%,18%,32%,0%,0%,0%,0%,0%,0%,49.80%,1%,66%,32%,1%,24%,44%,0%,0%,0%,0%,0%,0%,0%,32%,0%
1057500,3,3,4,2,3,4,5,2,1,10,3,12,16100,27,1549,2.25,596.3,9.62,91%,0%,9%,29%,29%,0%,0%,0%,0%,0%,0%,41.90%,0%,71%,29%,0%,44%,4%,20%,0%,0%,0%,0%,0%,0%,29%,4%
1057510,4,3,10,2,3,4,8,2,1,13,3,10,24560,46,1951,4.6,533.91,7.94,98%,0%,2%,13%,34%,0%,0%,0%,0%,0%,0%,52.80%,18%,16%,34%,33%,48%,0%,0%,0%,18%,0%,0%,0%,0%,34%,0%
1057550,4,3,17,2,3,3,9,3,0,7,4,24,16225,33,1488,1.38,491.67,9.17,74%,23%,2%,2%,11%,5%,0%,0%,0%,0%,0%,81.80%,17%,70%,11%,2%,72%,0%,5%,7%,0%,0%,0%,0%,0%,11%,5%
1057580,4,3,10,2,2,3,5,2,2,11,3,21,11775,35,1058.5,1.67,336.43,8.99,95%,5%,0%,12%,6%,0%,0%,0%,0%,0%,0%,81.70%,27%,20%,13%,40%,55%,3%,8%,0%,19%,0%,0%,0%,0%,13%,3%
1057800,4,3,8,2,2,4,5,4,1,15,5,23,16975,44,1649,1.91,385.8,9.71,90%,10%,0%,4%,0%,1%,4%,0%,4%,0%,0%,88.50%,6%,70%,2%,22%,80%,10%,0%,5%,0%,0%,4%,0%,0%,2%,0%
1057930,4,3,5,2,1,5,7,1,1,27,5,34,19425,55,3079.5,1.62,353.18,15.85,94%,2%,4%,2%,0%,0%,2%,8%,0%,0%,14%,73.40%,55%,37%,2%,6%,15%,51%,5%,1%,5%,2%,0%,1%,18%,2%,1%
1058000,4,3,15,2,3,4,5,3,1,11,4,11,11450,28,1179,2.55,408.93,10.3,95%,0%,5%,14%,0%,0%,0%,0%,1%,7%,0%,77.70%,3%,97%,0%,0%,89%,0%,7%,0%,3%,0%,1%,0%,0%,0%,0%
1058010,3,3,15,2,2,5,4,1,1,13,4,30,12000,62,1331,2.07,193.55,11.09,91%,5%,4%,4%,0%,0%,0%,0%,1%,12%,0%,83.50%,12%,70%,2%,17%,40%,3%,42%,6%,8%,0%,1%,0%,0%,2%,0%
1058190,4,3,10,2,2,5,5,2,1,8,3,18,9950,43,834.5,2.39,231.4,8.39,78%,13%,8%,5%,14%,0%,0%,0%,0%,0%,0%,81.40%,17%,19%,14%,51%,57%,0%,0%,5%,17%,0%,0%,0%,0%,14%,7%
1058350,4,3,10,2,2,1,5,2,0,4,3,5,16800,24,1067.5,4.8,700,6.35,100%,0%,0%,13%,84%,0%,0%,0%,0%,0%,0%,3.00%,0%,13%,84%,3%,16%,0%,0%,0%,0%,0%,0%,0%,0%,84%,0%
1058370,3,1,10,2,3,4,4,3,1,7,4,12,14375,36,1382,3,399.31,9.61,100%,0%,0%,17%,23%,0%,0%,0%,0%,10%,0%,50.60%,23%,54%,23%,0%,45%,0%,10%,0%,22%,0%,0%,1%,0%,23%,0%
1060050,3,3,10,1,4,3,4,4,1,14,4,16,15050,26,1570.5,1.63,578.85,10.44,100%,0%,0%,0%,12%,14%,25%,0%,0%,0%,0%,48.80%,2%,82%,16%,0%,40%,28%,0%,14%,2%,0%,0%,0%,0%,16%,0%
1060130,2,3,5,2,4,2,4,4,1,25,2,15,19400,59,1524.5,3.93,328.81,7.86,48%,42%,10%,0%,20%,0%,0%,0%,0%,0%,0%,79.90%,25%,6%,22%,47%,58%,3%,0%,0%,19%,0%,0%,0%,0%,21%,0%
1060150,4,2,10,2,4,1,5,4,1,17,3,17,21150,22,2012,1.29,961.36,9.51,63%,37%,0%,0%,0%,1%,0%,0%,13%,0%,0%,86.20%,26%,24%,0%,50%,72%,6%,0%,10%,0%,0%,13%,0%,0%,0%,0%
1060230,3,3,10,2,3,5,5,4,1,18,4,18,9600,41,1537.5,2.28,234.15,16.02,98%,2%,0%,4%,0%,20%,3%,0%,0%,0%,20%,52.10%,71%,29%,0%,0%,7%,29%,20%,43%,0%,0%,0%,0%,0%,0%,0%
1060260,4,3,10,2,3,4,8,2,1,12,5,30,14225,93,1541,3.1,152.96,10.83,98%,2%,0%,4%,25%,3%,0%,0%,16%,0%,0%,51.50%,23%,50%,25%,1%,18%,4%,18%,3%,15%,0%,16%,0%,0%,25%,0%
1060330,3,3,10,2,3,4,3,4,2,8,3,4,7650,15,459,3.75,510,6,98%,0%,2%,0%,94%,0%,0%,2%,0%,0%,0%,3.90%,2%,0%,98%,0%,0%,0%,0%,0%,0%,0%,0%,0%,2%,98%,0%
1060370,4,3,10,2,3,4,6,2,1,19,9,62,16025,138,1706,2.23,116.12,10.65,95%,5%,1%,8%,20%,3%,4%,1%,1%,14%,1%,48.00%,29%,45%,20%,7%,33%,3%,19%,9%,13%,0%,2%,0%,1%,20%,0%
1060420,4,3,10,2,4,4,5,4,1,12,5,21,8850,38,982.5,1.81,232.89,11.1,98%,0%,2%,0%,2%,1%,29%,0%,0%,0%,4%,63.80%,21%,73%,7%,0%,48%,33%,0%,1%,11%,0%,0%,0%,0%,7%,0%
1060590,4,3,10,2,4,3,6,4,1,11,2,20,15425,43,1380.5,2.15,358.72,8.95,73%,27%,0%,0%,0%,0%,3%,0%,0%,0%,0%,97.40%,8%,4%,0%,88%,68%,0%,0%,24%,8%,0%,0%,0%,0%,0%,0%
1060640,3,3,10,2,4,4,5,4,1,17,5,27,15675,88,2123.5,3.26,178.13,13.55,97%,0%,3%,0%,8%,0%,27%,9%,0%,0%,15%,42.10%,45%,43%,9%,3%,28%,23%,15%,2%,11%,0%,0%,0%,11%,9%,0%
1060650,4,1,10,2,4,3,6,4,1,13,2,9,14660,22,1540.8,2.44,666.36,10.51,100%,0%,0%,0%,0%,0%,77%,0%,0%,0%,0%,22.90%,5%,95%,0%,0%,95%,0%,1%,0%,0%,0%,0%,0%,0%,0%,3%
1060720,2,3,9,2,4,5,7,4,1,25,5,19,34025,96,5707,5.05,354.43,16.77,100%,0%,0%,5%,0%,0%,0%,24%,6%,0%,2%,62.70%,58%,42%,0%,0%,10%,38%,0%,2%,20%,0%,6%,0%,24%,0%,0%
1060760,1,3,10,2,3,7,6,2,1,16,2,18,22900,32,2856.75,1.78,715.63,12.47,97%,2%,1%,48%,0%,0%,0%,0%,0%,0%,0%,52.00%,25%,64%,0%,10%,82%,0%,1%,14%,0%,3%,0%,0%,0%,0%,0%
1060810,4,3,10,2,3,4,6,2,1,9,2,14,25875,45,1958,3.21,575,7.57,83%,2%,15%,0%,69%,0%,0%,0%,0%,0%,0%,31.00%,22%,4%,74%,0%,3%,6%,0%,0%,20%,0%,0%,0%,0%,71%,0%
1060920,3,3,17,2,4,5,5,4,1,13,3,14,40475,27,4353,1.93,1499.07,10.75,99%,1%,0%,63%,0%,0%,0%,0%,0%,0%,0%,36.40%,5%,94%,0%,1%,96%,0%,0%,1%,0%,3%,0%,0%,0%,0%,0%
1060980,4,1,4,2,3,4,4,4,1,13,3,17,11025,33,1482,1.94,334.09,13.44,98%,0%,2%,66%,0%,0%,0%,0%,0%,5%,0%,28.10%,41%,56%,0%,3%,82%,0%,14%,0%,0%,3%,0%,0%,0%,0%,0%
1061080,2,3,10,2,3,5,5,2,1,22,3,17,8700,36,1179.5,2.12,241.67,13.56,95%,5%,0%,36%,0%,0%,0%,0%,21%,0%,0%,37.10%,32%,68%,0%,0%,48%,1%,0%,26%,0%,3%,22%,0%,0%,0%,0%
1061130,4,3,16,2,4,2,6,1,1,10,4,12,17950,32,2204.5,2.67,560.94,12.28,94%,5%,1%,3%,0%,1%,0%,0%,0%,0%,0%,97.60%,72%,28%,0%,0%,8%,2%,88%,1%,0%,0%,0%,0%,0%,0%,0%
1061180,3,3,10,2,3,5,6,4,1,28,3,27,20875,65,2085.5,2.41,321.15,9.99,92%,8%,0%,0%,0%,3%,0%,0%,4%,0%,0%,93.50%,37%,18%,0%,45%,56%,3%,17%,3%,16%,0%,4%,0%,0%,0%,0%
1061310,2,3,10,2,4,5,5,1,1,16,6,27,17900,44,2274.75,1.63,406.82,12.71,100%,0%,0%,3%,0%,10%,2%,1%,0%,0%,1%,84.10%,19%,81%,0%,0%,18%,62%,1%,10%,3%,4%,0%,1%,1%,0%,0%
1061380,1,1,4,2,3,6,4,4,1,37,3,4,7575,19,1491,4.75,398.68,19.68,94%,6%,0%,86%,0%,0%,0%,6%,0%,0%,0%,7.90%,95%,5%,0%,0%,91%,0%,0%,0%,0%,3%,0%,0%,6%,0%,0%
1061400,3,3,10,2,3,5,4,2,1,19,5,15,7475,25,921,1.67,299,12.32,87%,12%,1%,43%,2%,6%,0%,0%,0%,0%,2%,47.20%,26%,60%,14%,0%,55%,3%,0%,21%,0%,7%,0%,0%,0%,14%,0%
1061500,4,0,0,0,1,0,0,5,0,0,1,1,4800,11,272,11,436.36,5.67,63%,0%,38%,0%,100%,0%,0%,0%,0%,0%,0%,0.00%,0%,0%,100%,0%,0%,0%,0%,0%,0%,0%,0%,0%,0%,100%,0%
1061580,1,1,4,2,3,8,3,2,1,53,2,14,6100,32,1887,2.29,190.63,30.93,77%,18%,5%,4%,0%,0%,0%,0%,0%,0%,0%,96.30%,89%,9%,0%,2%,10%,22%,0%,0%,0%,68%,0%,0%,0%,0%,0%
1061660,3,3,10,2,3,5,4,4,1,15,4,14,12100,31,1079,2.21,390.32,8.92,96%,4%,0%,4%,12%,0%,1%,0%,0%,0%,0%,82.60%,3%,68%,29%,0%,10%,68%,0%,0%,0%,0%,0%,0%,0%,22%,0%
1061700,4,3,10,2,2,5,4,1,0,1,5,23,7225,35,755.5,1.52,206.43,10.46,92%,3%,5%,22%,17%,0%,0%,0%,7%,0%,4%,49.80%,12%,65%,17%,6%,37%,11%,6%,4%,11%,0%,7%,2%,0%,17%,5%
1061730,2,1,10,2,3,2,4,2,1,14,5,17,12475,38,1366,2.24,328.29,10.95,100%,0%,0%,8%,0%,0%,63%,0%,0%,1%,1%,27.50%,19%,81%,0%,0%,76%,2%,22%,0%,0%,0%,0%,0%,0%,0%,0%
1061820,3,3,10,2,4,4,5,4,2,13,1,5,22800,24,1651,4.8,950,7.24,83%,17%,0%,0%,0%,0%,0%,0%,0%,0%,0%,100.00%,0%,0%,0%,100%,100%,0%,0%,0%,0%,0%,0%,0%,0%,0%,0%
1061830,4,3,10,2,3,1,3,4,2,9,2,5,16600,24,1248.5,4.8,691.67,7.52,100%,0%,0%,11%,0%,0%,0%,0%,0%,0%,0%,89.20%,0%,11%,0%,89%,100%,0%,0%,0%,0%,0%,0%,0%,0%,0%,0%
1061940,4,3,10,2,3,1,9,2,1,23,2,6,15300,29,958,4.83,527.59,6.26,67%,14%,19%,0%,64%,0%,0%,0%,0%,0%,0%,36.30%,3%,0%,64%,33%,34%,0%,0%,0%,2%,0%,0%,0%,0%,64%,0%
1062120,4,3,10,2,4,5,6,2,0,3,1,5,11900,25,1242.5,5,476,10.44,100%,0%,0%,0%,0%,0%,0%,0%,0%,0%,0%,100.00%,1%,99%,0%,0%,99%,0%,0%,0%,0%,0%,0%,0%,1%,0%,0%
1062220,4,3,10,2,2,4,5,2,1,4,3,17,12075,36,924.5,2.12,335.42,7.66,100%,0%,0%,27%,48%,0%,0%,0%,0%,0%,0%,24.20%,2%,36%,59%,3%,37%,4%,0%,0%,0%,0%,0%,0%,0%,59%,0%
1062270,3,3,6,2,3,4,4,2,1,15,3,6,16400,52,3517.5,8.67,315.38,21.45,98%,0%,2%,0%,0%,0%,0%,33%,0%,0%,46%,20.90%,99%,1%,0%,0%,6%,46%,0%,0%,0%,0%,0%,0%,49%,0%,0%
1062310,4,2,10,2,3,1,5,2,0,10,2,8,10575,23,663.5,2.88,459.78,6.27,100%,0%,0%,0%,78%,0%,0%,0%,0%,0%,0%,22.00%,0%,6%,89%,6%,6%,6%,0%,0%,0%,0%,0%,0%,0%,89%,0%
1065040,4,3,10,1,3,5,5,2,2,15,4,22,7115,34,546.5,1.55,209.26,7.68,100%,0%,0%,0%,53%,0%,0%,0%,0%,1%,2%,43.80%,10%,12%,74%,4%,7%,29%,1%,1%,3%,0%,1%,0%,0%,56%,1%
1065080,4,3,10,2,2,5,4,2,2,13,2,7,9675,25,831,3.57,387,8.59,60%,37%,3%,0%,0%,0%,0%,0%,0%,0%,2%,98.40%,16%,0%,0%,84%,96%,2%,1%,2%,0%,0%,0%,0%,0%,0%,0%
1065100,3,3,10,2,3,5,4,2,2,17,7,22,9175,33,1037,1.5,278.03,11.3,98%,2%,0%,26%,0%,5%,20%,0%,1%,7%,2%,39.50%,19%,80%,0%,1%,61%,5%,27%,5%,0%,0%,1%,0%,0%,0%,2%
1065160,2,1,4,1,3,5,3,4,1,20,4,9,9325,25,1174.5,2.78,373,12.6,79%,20%,2%,6%,0%,45%,0%,0%,0%,39%,0%,10.70%,9%,87%,0%,4%,10%,0%,39%,51%,0%,0%,0%,0%,0%,0%,0%
1065340,4,0,0,0,2,0,0,5,0,0,2,2,300,2,34,1,150,11.33,100%,0%,0%,67%,0%,0%,0%,0%,0%,0%,0%,33.30%,33%,67%,0%,0%,67%,0%,0%,0%,33%,0%,0%,0%,0%,0%,0%
1065370,4,1,10,2,2,1,4,2,1,4,2,5,1200,5,128,1,240,10.67,100%,0%,0%,67%,0%,0%,0%,0%,0%,0%,0%,33.30%,0%,100%,0%,0%,100%,0%,0%,0%,0%,0%,0%,0%,0%,0%,0%
1065450,3,0,0,0,2,0,0,5,0,0,1,2,5250,10,297.5,5,525,5.67,89%,0%,11%,0%,100%,0%,0%,0%,0%,0%,0%,0.00%,0%,0%,100%,0%,0%,0%,0%,0%,0%,0%,0%,0%,0%,100%,0%
1065510,4,1,4,2,3,5,5,2,2,12,2,19,11875,44,934,2.32,269.89,7.87,82%,3%,14%,0%,67%,0%,0%,0%,0%,0%,0%,33.10%,25%,8%,67%,0%,4%,4%,1%,1%,23%,0%,0%,0%,0%,67%,0%
1065600,4,3,10,1,2,4,5,3,1,10,3,19,12085,58,1381.55,3.05,208.36,11.43,85%,6%,9%,28%,0%,0%,0%,0%,0%,0%,12%,60.10%,15%,85%,0%,0%,80%,17%,1%,0%,0%,0%,0%,0%,1%,0%,1%
1065650,3,1,10,2,3,5,5,2,1,15,4,17,10865,58,1173.5,3.41,187.33,10.8,89%,5%,6%,0%,26%,7%,1%,0%,0%,0%,0%,65.90%,58%,12%,26%,4%,5%,2%,45%,9%,14%,0%,0%,0%,0%,26%,0%
1065660,2,3,10,2,2,7,4,3,1,19,4,15,9200,32,1792,2.13,287.5,19.48,84%,11%,5%,62%,0%,0%,0%,22%,0%,0%,2%,14.40%,81%,16%,0%,2%,72%,2%,0%,0%,0%,0%,0%,0%,26%,0%,0%
1065710,4,3,10,2,2,4,5,2,1,10,2,7,4400,13,276.5,1.86,338.46,6.28,100%,0%,0%,0%,89%,0%,0%,0%,0%,0%,0%,11.40%,5%,7%,89%,0%,0%,7%,0%,0%,5%,0%,0%,0%,0%,89%,0%
1065780,3,3,10,2,3,4,5,2,1,12,3,11,7850,16,984,1.45,490.63,12.54,90%,8%,2%,0%,0%,0%,15%,0%,25%,0%,0%,59.90%,2%,89%,0%,9%,24%,7%,0%,0%,0%,0%,69%,0%,0%,0%,0%
1070040,4,1,4,2,1,3,15,1,2,15,6,21,28925,36,2026.5,1.71,803.47,7.01,76%,18%,6%,0%,56%,1%,0%,0%,1%,0%,0%,41.90%,1%,27%,56%,17%,32%,1%,2%,1%,0%,0%,1%,0%,0%,56%,7%
1070070,3,3,10,2,2,5,5,1,1,18,4,15,17525,27,1232.5,1.8,649.07,7.03,83%,15%,2%,4%,55%,0%,3%,0%,0%,0%,0%,37.80%,2%,10%,55%,33%,43%,3%,0%,0%,0%,0%,0%,0%,0%,55%,0%
1070140,4,3,10,2,4,1,4,4,1,5,2,4,22675,26,1300,6.5,872.12,5.73,85%,0%,15%,0%,97%,0%,0%,0%,0%,0%,0%,3.40%,1%,0%,99%,0%,0%,0%,0%,0%,0%,0%,0%,0%,0%,99%,0%
1070270,3,2,10,2,4,4,5,4,1,15,3,15,35250,41,4698.5,2.73,859.76,13.33,94%,0%,6%,88%,0%,0%,0%,0%,0%,0%,1%,11.30%,37%,63%,0%,0%,91%,1%,0%,0%,7%,0%,0%,1%,0%,0%,0%
1070300,1,3,10,2,4,4,7,1,1,34,5,29,20525,41,2457.5,1.41,500.61,11.97,93%,7%,0%,10%,0%,0%,0%,1%,2%,0%,1%,85.90%,13%,80%,0%,7%,24%,63%,5%,0%,2%,0%,2%,3%,1%,0%,0%
1070310,4,3,10,2,4,1,6,1,1,10,3,7,26475,26,2810.5,3.71,1018.27,10.62,91%,0%,9%,73%,0%,0%,0%,0%,0%,2%,0%,24.80%,1%,99%,0%,0%,97%,0%,2%,0%,1%,0%,0%,0%,0%,0%,0%
1070330,2,3,10,2,4,4,6,1,1,14,4,21,12350,35,1453,1.67,352.86,11.77,94%,4%,2%,0%,15%,34%,21%,0%,0%,0%,0%,30.40%,16%,61%,15%,8%,33%,0%,4%,43%,4%,0%,0%,1%,0%,15%,1%
1070420,3,3,10,2,4,4,5,4,2,16,2,14,30925,48,3281,3.43,644.27,10.61,92%,4%,5%,0%,0%,0%,0%,0%,0%,0%,0%,99.50%,27%,67%,0%,6%,73%,0%,0%,0%,24%,0%,0%,1%,0%,0%,0%
1070500,4,3,3,2,4,4,2,4,1,28,2,14,6825,40,748.5,2.86,170.63,10.97,100%,0%,0%,0%,22%,0%,0%,0%,0%,0%,0%,78.00%,10%,64%,26%,0%,2%,1%,58%,0%,7%,0%,0%,0%,4%,26%,0%
1070600,4,3,10,2,4,1,4,4,0,11,7,21,20175,52,2193.5,2.48,387.98,10.87,84%,0%,16%,57%,5%,0%,7%,1%,1%,0%,1%,28.30%,15%,80%,5%,0%,79%,1%,0%,0%,12%,0%,1%,1%,1%,5%,0%
1070660,4,3,17,2,4,3,5,4,1,10,2,10,13975,42,1527.5,4.2,332.74,10.93,95%,3%,2%,0%,0%,0%,0%,0%,1%,0%,0%,98.90%,24%,76%,0%,0%,73%,0%,24%,0%,0%,0%,1%,0%,0%,0%,2%
1070670,3,3,10,2,3,5,7,4,2,7,5,19,14750,39,1222.75,2.05,378.21,8.29,90%,10%,0%,7%,0%,1%,1%,0%,0%,0%,1%,90.80%,5%,15%,0%,80%,91%,3%,0%,5%,1%,0%,0%,0%,0%,0%,1%
1070790,4,3,17,2,1,7,2,4,1,17,5,17,7750,29,1046.5,1.71,267.24,13.5,92%,8%,0%,3%,0%,30%,0%,0%,4%,4%,0%,59.70%,12%,80%,0%,8%,10%,42%,4%,39%,0%,0%,4%,0%,2%,0%,0%
1070880,2,3,10,2,4,4,6,1,1,14,3,11,5700,16,736,1.45,356.25,12.91,100%,0%,0%,0%,0%,0%,0%,0%,34%,0%,1%,64.50%,13%,87%,0%,0%,18%,33%,0%,11%,4%,0%,34%,1%,0%,0%,0%
1070980,3,3,10,2,4,3,4,4,2,14,2,2,10275,24,580,12,428.13,5.64,100%,0%,0%,0%,98%,0%,0%,0%,0%,0%,0%,2.20%,0%,0%,100%,0%,0%,0%,0%,0%,0%,0%,0%,0%,0%,100%,0%
1071010,4,3,10,2,4,3,4,4,1,18,5,15,25100,48,2770,3.2,522.92,11.04,92%,8%,0%,4%,28%,8%,0%,0%,48%,0%,0%,12.60%,0%,68%,31%,1%,8%,6%,0%,8%,0%,0%,48%,0%,0%,30%,0%
1071090,3,3,10,2,4,4,3,4,1,15,4,19,12275,33,1352,1.74,371.97,11.01,81%,5%,14%,47%,0%,0%,27%,1%,0%,0%,0%,25.30%,6%,94%,0%,0%,95%,0%,0%,0%,3%,0%,1%,0%,1%,0%,1%
1071120,2,3,6,2,4,4,7,3,1,17,2,2,26200,24,2745,12,1091.67,10.48,95%,5%,0%,0%,0%,0%,95%,0%,0%,0%,0%,4.60%,0%,100%,0%,0%,100%,0%,0%,0%,0%,0%,0%,0%,0%,0%,0%
1071340,3,3,10,2,4,5,3,4,1,10,2,5,11700,24,753,4.8,487.5,6.44,91%,0%,9%,0%,86%,0%,0%,0%,0%,0%,0%,14.10%,1%,13%,86%,0%,0%,13%,0%,0%,1%,0%,0%,0%,0%,86%,0%
1071460,1,1,4,2,4,7,6,4,1,25,2,3,26450,69,1935.5,23,383.33,7.32,100%,0%,0%,0%,66%,0%,0%,0%,0%,0%,0%,33.60%,9%,25%,66%,0%,0%,25%,0%,0%,9%,0%,0%,0%,0%,66%,0%
1071500,4,3,10,2,4,4,3,4,1,21,2,15,11875,32,1291.75,2.13,371.09,10.88,92%,8%,0%,29%,0%,0%,0%,0%,0%,0%,0%,70.50%,29%,71%,0%,0%,71%,0%,0%,0%,29%,0%,0%,0%,0%,0%,0%
1071560,3,3,10,2,2,5,5,3,1,21,3,10,8450,43,955.5,4.3,196.51,11.31,100%,0%,0%,20%,0%,4%,0%,0%,0%,0%,0%,76.30%,10%,90%,0%,0%,25%,62%,0%,14%,0%,0%,0%,0%,0%,0%,0%
1071640,2,3,10,2,4,5,7,4,1,27,2,17,20300,34,2116,2,597.06,10.42,100%,0%,0%,0%,0%,0%,14%,0%,0%,0%,0%,85.70%,9%,91%,0%,0%,92%,0%,0%,0%,8%,0%,0%,0%,0%,0%,0%
1071780,3,1,15,2,4,4,5,1,1,17,3,22,12325,56,1581,2.55,220.09,12.83,95%,5%,0%,0%,0%,0%,0%,4%,0%,11%,0%,84.40%,12%,88%,0%,0%,0%,42%,45%,0%,0%,2%,0%,4%,6%,0%,0%
1071800,2,3,10,2,4,4,4,1,1,20,4,32,6825,41,870.5,1.28,166.46,12.75,77%,23%,0%,15%,0%,0%,0%,3%,0%,0%,1%,80.20%,40%,45%,2%,13%,58%,4%,4%,3%,16%,5%,0%,4%,3%,2%,0%
1071840,1,2,10,2,4,5,9,2,1,12,7,39,20100,69,2426.75,1.77,291.3,12.07,91%,3%,6%,4%,13%,8%,29%,1%,0%,0%,13%,32.00%,33%,54%,13%,0%,44%,18%,7%,11%,6%,0%,0%,1%,1%,13%,0%
1071910,2,1,4,2,4,7,7,2,1,35,3,5,14100,24,1485,4.8,587.5,10.53,100%,0%,0%,89%,0%,0%,0%,0%,0%,0%,2%,8.50%,2%,94%,0%,4%,98%,2%,0%,0%,0%,0%,0%,0%,0%,0%,0%
1075060,4,3,10,2,4,4,9,2,1,9,3,15,22350,38,1676.5,2.53,588.16,7.5,86%,12%,2%,8%,9%,0%,0%,0%,0%,0%,0%,83.20%,7%,8%,10%,75%,87%,0%,0%,0%,4%,0%,0%,0%,0%,10%,0%
1075130,4,3,10,2,4,4,6,2,1,14,4,24,19600,40,1836,1.67,490,9.37,92%,6%,3%,4%,2%,0%,0%,0%,20%,0%,0%,74.10%,25%,30%,23%,22%,43%,2%,0%,0%,13%,0%,20%,0%,0%,23%,0%
1075200,3,1,4,2,3,5,6,2,1,20,2,8,34125,27,3650,3.38,1263.89,10.7,100%,0%,0%,54%,0%,0%,0%,0%,0%,0%,0%,45.90%,6%,94%,0%,0%,99%,0%,0%,0%,1%,0%,0%,0%,0%,0%,0%
1075220,2,1,4,2,3,5,4,4,1,19,3,28,11825,32,1601.25,1.14,369.53,13.54,72%,22%,5%,14%,0%,0%,0%,0%,0%,9%,0%,76.70%,63%,37%,0%,0%,50%,3%,16%,6%,11%,15%,0%,0%,0%,0%,0%
1075280,4,3,5,2,3,4,5,4,1,10,1,11,14300,38,1174,3.45,376.32,8.21,85%,15%,0%,0%,0%,0%,0%,0%,0%,0%,0%,100.00%,8%,17%,0%,75%,83%,17%,0%,0%,0%,0%,0%,0%,0%,0%,0%
1075350,1,1,5,2,4,1,7,2,1,34,7,31,21175,58,3238.5,1.87,365.09,15.29,93%,7%,0%,6%,1%,0%,5%,1%,9%,0%,9%,70.50%,62%,37%,1%,0%,22%,37%,11%,6%,7%,4%,9%,3%,1%,1%,0%
1075400,4,0,0,0,3,0,0,5,0,0,1,1,900,3,94.5,3,300,10.5,100%,0%,0%,100%,0%,0%,0%,0%,0%,0%,0%,0.00%,0%,100%,0%,0%,100%,0%,0%,0%,0%,0%,0%,0%,0%,0%,0%
1075420,3,1,4,2,4,3,3,4,1,15,2,10,10850,29,1168.5,2.9,374.14,10.77,100%,0%,0%,66%,0%,0%,0%,0%,0%,0%,0%,34.30%,11%,66%,0%,23%,94%,6%,0%,0%,1%,0%,0%,0%,0%,0%,0%
1075520,4,3,10,2,3,3,4,4,1,12,5,15,16550,31,1655.5,2.07,533.87,10,96%,0%,4%,6%,38%,0%,28%,0%,0%,3%,0%,24.20%,19%,39%,40%,2%,51%,4%,3%,2%,0%,0%,0%,0%,0%,40%,0%
1075610,2,3,14,2,3,5,5,2,1,31,5,23,7825,33,861.5,1.43,237.12,11.01,100%,0%,0%,24%,12%,6%,6%,0%,0%,0%,0%,52.10%,26%,55%,12%,8%,42%,2%,29%,10%,6%,0%,0%,0%,0%,12%,0%
1075630,4,3,10,2,4,4,5,1,1,27,7,33,12925,62,1392.5,1.88,208.47,10.77,93%,4%,3%,22%,34%,1%,5%,5%,0%,7%,0%,25.90%,17%,49%,34%,1%,36%,4%,15%,2%,0%,0%,0%,4%,5%,34%,0%
1075690,4,3,10,2,4,1,4,4,1,11,7,20,6375,29,697.5,1.45,219.83,10.94,81%,15%,5%,24%,7%,5%,14%,0%,11%,2%,0%,37.60%,9%,62%,12%,16%,69%,0%,2%,7%,0%,0%,11%,0%,0%,12%,0%
1075730,3,3,10,2,3,5,5,2,1,22,3,16,15875,49,2417,3.06,323.98,15.23,88%,7%,6%,20%,0%,0%,0%,0%,0%,0%,8%,71.50%,83%,17%,0%,0%,37%,9%,43%,0%,0%,10%,0%,0%,0%,0%,0%
1077110,2,1,10,1,4,5,3,4,2,16,3,7,11125,22,1196.5,3.14,505.68,10.76,96%,0%,4%,80%,0%,0%,0%,0%,4%,0%,0%,16.00%,1%,99%,0%,0%,95%,0%,0%,1%,0%,0%,4%,0%,0%,0%,0%
1077200,4,3,10,2,4,1,2,4,1,7,2,6,11100,48,1273,8,231.25,11.47,100%,0%,0%,55%,0%,0%,0%,0%,0%,0%,0%,45.00%,40%,60%,0%,0%,60%,0%,0%,0%,40%,0%,0%,0%,0%,0%,0%
1077300,4,3,10,2,4,2,9,1,1,5,3,10,22600,25,1747,2.5,904,7.73,100%,0%,0%,21%,20%,0%,0%,0%,0%,0%,0%,58.80%,0%,25%,20%,55%,80%,0%,0%,0%,0%,0%,0%,0%,0%,20%,0%
1077390,3,3,10,2,3,4,7,2,1,16,2,15,30375,26,2389,1.73,1168.27,7.87,89%,0%,11%,0%,25%,0%,0%,0%,0%,0%,0%,75.30%,0%,40%,42%,17%,51%,22%,0%,2%,0%,0%,0%,0%,0%,25%,0%
1077480,4,3,10,2,3,5,5,2,1,18,2,4,9200,19,691,4.75,484.21,7.51,100%,0%,0%,4%,0%,0%,0%,0%,0%,0%,0%,95.70%,2%,14%,0%,84%,98%,0%,0%,0%,2%,0%,0%,0%,0%,0%,0%
1077500,3,3,10,2,3,4,2,4,1,13,1,1,7650,17,433.5,17,450,5.67,100%,0%,0%,0%,100%,0%,0%,0%,0%,0%,0%,0.00%,0%,0%,100%,0%,0%,0%,0%,0%,0%,0%,0%,0%,0%,100%,0%
1077570,4,3,10,2,4,4,3,4,1,13,3,16,7775,18,988,1.13,431.94,12.71,92%,2%,6%,23%,0%,0%,0%,0%,0%,0%,2%,75.60%,26%,74%,0%,0%,80%,4%,0%,0%,3%,14%,0%,0%,0%,0%,0%
1080020,2,0,0,0,2,0,0,5,0,0,3,9,7000,22,566,2.44,318.18,8.09,100%,0%,0%,10%,21%,0%,0%,0%,0%,0%,0%,68.60%,7%,20%,21%,51%,61%,11%,4%,0%,1%,0%,0%,0%,0%,21%,0%
1080080,4,3,10,2,4,4,6,2,1,11,3,15,22500,27,2357.5,1.8,833.33,10.48,100%,0%,0%,14%,0%,0%,0%,0%,0%,0%,3%,82.20%,5%,95%,0%,0%,45%,47%,0%,0%,0%,0%,0%,0%,0%,0%,8%
1080180,2,3,10,1,4,1,6,1,1,13,4,10,13100,42,1368.25,4.2,311.9,10.44,94%,0%,6%,27%,39%,0%,0%,0%,0%,0%,21%,13.70%,22%,39%,39%,0%,28%,31%,0%,0%,0%,0%,0%,2%,0%,39%,0%
1080220,1,3,10,2,4,4,5,4,1,29,6,23,19225,56,2292,2.43,343.3,11.92,86%,9%,5%,26%,0%,0%,3%,0%,14%,15%,2%,40.60%,41%,50%,0%,9%,42%,2%,15%,0%,24%,3%,14%,0%,0%,0%,0%
1080230,4,3,10,2,4,3,4,4,0,10,3,11,12325,27,1449,2.45,456.48,11.76,99%,0%,1%,67%,0%,0%,0%,0%,0%,0%,2%,30.80%,14%,86%,0%,0%,95%,2%,0%,0%,0%,2%,0%,0%,0%,0%,0%
1080250,3,3,10,2,4,5,1,4,1,21,3,14,5300,20,580.5,1.43,265,10.95,87%,4%,8%,0%,0%,0%,19%,0%,4%,0%,0%,76.90%,17%,25%,0%,58%,50%,0%,0%,45%,0%,0%,4%,0%,0%,0%,0%
1080330,4,3,10,2,2,3,6,1,1,10,6,39,11775,56,1312.75,1.44,210.27,11.15,76%,23%,1%,5%,3%,2%,12%,0%,4%,0%,0%,74.70%,33%,46%,8%,14%,59%,6%,1%,13%,1%,0%,4%,3%,0%,3%,12%
1080380,3,3,5,1,2,1,2,4,1,15,3,7,17750,29,1936.5,4.14,612.07,10.91,97%,0%,3%,59%,0%,0%,0%,0%,0%,0%,1%,39.60%,6%,94%,0%,0%,94%,1%,3%,0%,2%,0%,0%,0%,0%,0%,0%
1080390,4,3,10,2,4,4,4,4,1,17,4,18,27400,35,2804.5,1.94,782.86,10.24,94%,1%,5%,2%,13%,0%,0%,0%,0%,0%,2%,83.00%,9%,54%,16%,21%,38%,46%,0%,0%,1%,0%,0%,0%,0%,15%,0%
1080470,2,0,0,0,4,0,0,5,0,0,1,12,2850,20,446,1.67,142.5,15.65,100%,0%,0%,0%,0%,0%,0%,0%,0%,0%,0%,100.00%,100%,0%,0%,0%,68%,0%,32%,0%,0%,0%,0%,0%,0%,0%,0%
1080570,4,3,17,2,3,2,5,2,1,12,3,11,13100,26,1307,2.36,503.85,9.98,100%,0%,0%,50%,14%,0%,0%,0%,0%,0%,0%,35.90%,1%,85%,14%,0%,81%,4%,0%,0%,0%,1%,0%,0%,0%,14%,0%
1080590,3,3,10,2,4,5,3,4,0,16,4,18,6400,44,1072,2.44,145.45,16.75,80%,19%,2%,40%,0%,0%,5%,0%,4%,0%,0%,52.00%,77%,23%,0%,0%,52%,0%,1%,7%,36%,0%,4%,0%,0%,0%,1%
1080690,4,3,10,2,4,0,5,2,1,10,6,12,12455,29,915.9,2.42,429.48,7.35,98%,2%,0%,4%,69%,2%,10%,1%,0%,0%,0%,14.90%,2%,30%,69%,0%,22%,3%,1%,2%,0%,0%,0%,0%,1%,69%,2%
1080750,3,3,10,2,4,5,5,2,1,11,7,21,10750,54,1989.5,2.57,199.07,18.51,97%,0%,3%,6%,0%,3%,7%,38%,8%,0%,13%,24.90%,62%,38%,0%,0%,19%,13%,3%,3%,2%,0%,8%,0%,44%,0%,8%
1080820,4,1,4,2,4,1,8,2,2,11,2,12,11900,23,820,1.92,517.39,6.89,97%,0%,3%,0%,35%,0%,0%,0%,0%,0%,0%,64.70%,16%,3%,35%,45%,61%,0%,0%,0%,0%,0%,0%,0%,0%,35%,3%
1080950,3,3,17,2,4,0,8,2,1,9,4,22,50895,42,6371.85,1.91,1211.79,12.52,92%,5%,4%,56%,5%,0%,0%,0%,10%,0%,0%,28.80%,21%,74%,5%,0%,72%,8%,0%,2%,0%,3%,10%,0%,0%,5%,0%
1081110,2,1,4,2,4,4,5,4,1,15,3,12,19350,27,1362.5,2.25,716.67,7.04,91%,0%,9%,11%,73%,0%,0%,0%,0%,0%,0%,16.30%,5%,22%,73%,0%,20%,5%,0%,0%,2%,0%,0%,0%,0%,73%,0%
1081140,3,3,10,2,3,5,3,2,1,15,3,10,5325,24,749.5,2.4,221.88,14.08,94%,0%,6%,0%,28%,0%,0%,0%,0%,0%,20%,52.10%,70%,1%,28%,0%,4%,68%,0%,0%,0%,0%,0%,0%,0%,28%,0%
1081260,4,2,10,2,4,1,7,2,1,14,4,17,8775,27,1003,1.59,325,11.43,87%,13%,0%,13%,0%,6%,0%,0%,0%,0%,2%,79.80%,4%,96%,0%,0%,27%,64%,2%,7%,0%,0%,0%,0%,0%,0%,0%
1081410,1,1,4,2,4,8,2,4,1,36,3,4,6400,22,624.5,5.5,290.91,9.76,100%,0%,0%,9%,0%,0%,0%,0%,0%,89%,0%,1.60%,2%,98%,0%,0%,9%,0%,89%,0%,2%,0%,0%,0%,0%,0%,0%
1081490,3,1,4,2,4,3,6,2,2,19,3,7,16650,29,1625.5,4.14,574.14,9.76,100%,0%,0%,25%,0%,0%,0%,0%,0%,71%,0%,3.90%,0%,100%,0%,0%,26%,0%,71%,0%,0%,0%,0%,0%,0%,0%,3%
1081530,2,1,8,2,4,5,5,1,1,22,6,29,15700,34,2055,1.17,461.76,13.09,94%,3%,3%,11%,0%,11%,0%,0%,3%,3%,0%,71.00%,28%,70%,0%,2%,54%,10%,3%,24%,0%,0%,3%,0%,4%,0%,0%
1081640,2,1,4,2,4,5,6,2,1,36,4,16,5775,24,1161,1.5,240.63,20.1,93%,7%,0%,17%,0%,0%,0%,3%,0%,0%,13%,67.10%,80%,20%,0%,0%,61%,13%,0%,0%,0%,0%,0%,0%,20%,0%,6%
1081720,1,0,0,0,2,0,0,5,0,0,1,1,400,1,42,1,400,10.5,0%,0%,100%,100%,0%,0%,0%,0%,0%,0%,0%,0.00%,0%,100%,0%,0%,100%,0%,0%,0%,0%,0%,0%,0%,0%,0%,0%
1081820,3,2,10,2,4,3,5,4,1,14,2,15,13200,44,1131.5,2.93,300,8.57,90%,7%,3%,0%,56%,0%,0%,0%,0%,0%,0%,44.30%,33%,12%,56%,0%,2%,11%,1%,0%,30%,0%,0%,0%,0%,56%,0%
1081850,4,1,10,2,4,4,5,4,2,9,5,26,28575,61,2688.75,2.35,468.44,9.41,92%,3%,6%,29%,35%,1%,0%,0%,0%,0%,2%,33.80%,14%,51%,35%,1%,47%,7%,4%,2%,5%,1%,0%,0%,0%,35%,0%
1081900,2,2,17,2,4,5,5,4,1,12,3,4,16350,22,1091.5,5.5,743.18,6.68,100%,0%,0%,3%,89%,0%,0%,0%,0%,0%,0%,8.30%,6%,6%,89%,0%,6%,6%,0%,0%,0%,0%,0%,0%,0%,89%,0%
1082020,4,3,10,2,2,4,9,2,1,11,2,2,22050,24,2153.5,12,918.75,9.77,95%,0%,5%,0%,0%,0%,0%,0%,0%,99%,1%,0.00%,1%,99%,0%,0%,0%,1%,99%,0%,0%,0%,0%,0%,0%,0%,0%
1082110,4,3,10,2,3,3,3,4,1,4,4,11,7775,36,576,3.27,215.97,7.41,99%,0%,1%,8%,62%,0%,10%,0%,0%,0%,0%,20.30%,0%,34%,64%,1%,19%,16%,0%,0%,0%,0%,0%,0%,0%,64%,0%
1082190,3,3,10,2,2,5,7,1,1,11,3,16,19975,31,1544,1.94,644.35,7.73,97%,3%,0%,0%,59%,0%,0%,0%,5%,0%,0%,36.90%,1%,25%,71%,4%,4%,20%,0%,0%,1%,0%,5%,0%,0%,71%,0%
1082210,4,3,10,2,2,1,4,4,1,17,4,26,17695,59,1369.5,2.27,299.92,7.74,96%,0%,4%,1%,61%,0%,0%,0%,0%,0%,5%,32.70%,16%,2%,82%,1%,3%,13%,2%,0%,1%,0%,0%,1%,0%,80%,1%
1082260,4,0,0,0,3,0,0,5,0,0,4,6,11125,17,741.5,2.83,654.41,6.67,100%,0%,0%,0%,84%,0%,14%,0%,0%,0%,1%,1.30%,1%,15%,84%,0%,14%,1%,1%,0%,0%,0%,0%,1%,0%,84%,0%
1085080,4,3,10,2,4,4,5,4,1,11,1,1,23250,23,1317.5,23,1010.87,5.67,100%,0%,0%,0%,100%,0%,0%,0%,0%,0%,0%,0.00%,0%,0%,100%,0%,0%,0%,0%,0%,0%,0%,0%,0%,0%,100%,0%
1085220,4,0,0,0,4,0,0,5,0,0,1,1,225,1,42,1,225,18.67,100%,0%,0%,0%,0%,0%,0%,0%,0%,0%,0%,100.00%,100%,0%,0%,0%,0%,0%,0%,0%,0%,100%,0%,0%,0%,0%,0%
1085230,2,3,10,2,4,5,6,4,1,13,5,30,11375,47,1408,1.57,242.02,12.38,93%,7%,0%,31%,11%,0%,7%,9%,0%,0%,0%,42.60%,30%,48%,12%,9%,70%,0%,4%,2%,0%,0%,0%,0%,9%,12%,3%
1085290,3,1,10,2,4,4,2,4,1,18,5,30,9500,55,1228.5,1.83,172.73,12.93,92%,0%,8%,19%,0%,26%,2%,0%,0%,6%,0%,46.10%,24%,71%,0%,6%,40%,0%,13%,33%,14%,0%,0%,0%,0%,0%,0%
1085340,4,3,17,2,4,4,4,4,1,12,2,17,9700,24,790,1.41,404.17,8.14,77%,23%,0%,0%,0%,0%,0%,0%,1%,0%,0%,99.20%,8%,8%,29%,55%,70%,0%,0%,0%,0%,0%,1%,0%,0%,29%,0%
1085460,1,1,10,2,4,5,3,4,1,15,4,11,7150,30,899.5,2.73,238.33,12.58,80%,6%,14%,71%,0%,0%,0%,0%,1%,0%,2%,25.90%,23%,77%,0%,0%,76%,2%,0%,0%,0%,19%,3%,0%,0%,0%,0%
1085480,4,3,10,2,4,2,4,4,1,8,5,10,14525,34,1349,3.4,427.21,9.29,80%,3%,17%,0%,73%,0%,0%,8%,3%,3%,0%,12.40%,20%,7%,73%,0%,8%,1%,3%,2%,0%,2%,3%,0%,8%,73%,0%
1085530,3,3,10,2,4,7,3,4,1,13,6,12,6050,21,533.5,1.75,288.1,8.82,100%,0%,0%,17%,42%,6%,0%,0%,0%,2%,1%,32.20%,9%,49%,42%,0%,26%,6%,9%,6%,0%,0%,0%,0%,0%,42%,10%
1085590,4,3,10,2,4,4,8,4,0,13,3,8,5900,8,385,1,737.5,6.53,100%,0%,0%,10%,31%,0%,0%,0%,0%,0%,0%,59.30%,0%,10%,90%,0%,10%,14%,0%,0%,0%,0%,0%,0%,0%,76%,0%
1085630,3,3,10,2,4,4,2,4,2,11,1,1,4275,15,548,15,285,12.82,100%,0%,0%,0%,0%,0%,0%,0%,0%,0%,0%,100.00%,100%,0%,0%,0%,0%,0%,100%,0%,0%,0%,0%,0%,0%,0%,0%
1090040,2,3,10,2,3,6,2,4,1,34,2,11,9525,24,1238.5,2.18,396.88,13,100%,0%,0%,31%,0%,0%,0%,0%,0%,0%,0%,68.50%,78%,22%,0%,0%,38%,0%,62%,0%,0%,0%,0%,0%,0%,0%,0%
1094030,3,3,10,2,4,4,2,4,1,13,3,14,6225,24,789,1.71,259.38,12.67,96%,0%,4%,46%,0%,0%,0%,0%,0%,5%,0%,49.40%,31%,24%,0%,45%,77%,0%,5%,18%,0%,0%,0%,0%,0%,0%,0%
1094070,1,0,0,0,2,0,0,5,0,0,1,1,1800,1,183,1,1800,10.17,100%,0%,0%,0%,0%,0%,0%,0%,0%,0%,0%,100.00%,0%,100%,0%,0%,100%,0%,0%,0%,0%,0%,0%,0%,0%,0%,0%
1095130,2,3,10,2,3,5,3,2,1,32,5,49,7575,69,1045,1.41,109.78,13.8,70%,26%,4%,15%,0%,5%,8%,0%,1%,0%,0%,71.60%,45%,49%,0%,6%,42%,8%,3%,36%,5%,0%,1%,1%,0%,0%,3%
1095140,1,0,0,0,1,0,0,5,0,0,3,6,2500,6,214.5,1,416.67,8.58,100%,0%,0%,12%,36%,0%,0%,0%,0%,0%,0%,52.00%,0%,64%,36%,0%,12%,52%,0%,0%,0%,0%,0%,0%,0%,36%,0%
1095150,4,3,5,2,4,4,4,4,1,12,6,31,21300,53,2452,1.71,401.89,11.51,77%,10%,14%,24%,11%,5%,0%,0%,0%,1%,2%,57.20%,12%,65%,11%,12%,44%,5%,29%,6%,3%,0%,0%,2%,0%,11%,0%
1095220,3,3,10,2,2,5,5,3,1,11,3,13,14450,30,1582.5,2.31,481.67,10.95,98%,0%,2%,6%,0%,0%,0%,0%,0%,0%,5%,89.30%,8%,92%,0%,0%,93%,5%,2%,0%,0%,0%,0%,0%,0%,0%,0%
1095330,4,1,10,2,2,5,5,2,1,16,2,6,9700,25,1067.5,4.17,388,11.01,100%,0%,0%,75%,0%,0%,0%,0%,0%,0%,0%,24.70%,4%,96%,0%,0%,95%,2%,3%,0%,0%,0%,0%,0%,0%,0%,0%
1097180,3,3,10,2,3,5,4,2,1,28,4,16,13900,43,1602,2.69,323.26,11.53,100%,0%,0%,63%,0%,0%,4%,0%,3%,0%,0%,29.10%,19%,81%,0%,0%,72%,12%,0%,0%,13%,0%,3%,0%,0%,0%,0%
1097370,4,3,10,2,2,4,5,2,1,11,3,12,17175,28,1370.5,2.33,613.39,7.98,70%,27%,3%,0%,45%,0%,0%,0%,16%,0%,0%,38.40%,1%,16%,51%,32%,32%,0%,1%,0%,0%,0%,16%,0%,0%,51%,0%
1097410,3,3,10,2,2,4,12,2,1,27,5,14,23775,18,2636,1.29,1320.83,11.09,100%,0%,0%,53%,0%,4%,5%,0%,1%,0%,0%,37.10%,10%,84%,0%,6%,82%,3%,0%,13%,0%,1%,1%,0%,0%,0%,0%
1097450,4,3,10,2,2,4,4,4,1,9,5,25,10050,36,1025,1.44,279.17,10.2,91%,9%,0%,13%,24%,13%,0%,0%,15%,0%,0%,35.60%,8%,44%,27%,21%,40%,0%,2%,16%,0%,0%,15%,0%,0%,27%,0%
1097530,3,2,10,2,4,5,5,4,1,14,2,4,8650,18,1548,4.5,480.56,17.9,90%,0%,10%,0%,0%,0%,0%,0%,0%,0%,97%,2.90%,99%,1%,0%,0%,2%,97%,1%,0%,0%,0%,0%,0%,0%,0%,0%
1097540,4,3,10,2,2,5,4,1,1,13,4,10,6625,18,689.5,1.8,368.06,10.41,100%,0%,0%,6%,0%,0%,9%,0%,2%,0%,0%,82.60%,6%,94%,0%,0%,92%,0%,6%,0%,0%,0%,2%,0%,0%,0%,0%
1100100,2,2,10,2,4,4,2,4,1,9,7,22,8225,40,1014.5,1.82,205.63,12.33,86%,14%,0%,18%,4%,0%,10%,1%,28%,0%,4%,35.60%,39%,57%,4%,0%,28%,4%,14%,0%,22%,0%,28%,0%,1%,4%,0%
1100120,3,2,10,2,2,4,6,2,1,8,5,16,16850,27,1872,1.69,624.07,11.11,96%,4%,0%,60%,0%,0%,0%,0%,3%,1%,2%,34.70%,5%,95%,0%,0%,93%,4%,1%,0%,0%,0%,3%,0%,0%,0%,0%
1100290,3,3,10,2,3,2,3,4,1,31,6,40,19325,47,2188.25,1.18,411.17,11.32,90%,8%,2%,6%,0%,3%,0%,0%,1%,1%,1%,87.80%,34%,65%,2%,0%,33%,7%,1%,10%,2%,2%,1%,0%,0%,0%,45%
1100420,4,1,10,2,4,4,5,4,1,13,2,6,11800,26,1339.5,4.33,453.85,11.35,100%,0%,0%,84%,0%,0%,0%,0%,0%,0%,0%,16.10%,12%,88%,0%,0%,97%,0%,1%,0%,2%,0%,0%,0%,0%,0%,0%
1100460,3,3,4,2,3,5,5,4,1,19,4,15,15510,32,1481.5,2.13,484.69,9.55,99%,1%,0%,27%,0%,0%,0%,0%,0%,24%,1%,47.60%,4%,69%,26%,0%,42%,31%,26%,0%,1%,0%,0%,0%,0%,0%,0%
1100470,4,3,10,2,3,4,4,4,2,12,3,8,11800,25,1192.5,3.13,472,10.11,87%,3%,9%,64%,10%,0%,0%,0%,0%,0%,0%,26.30%,1%,86%,10%,3%,89%,0%,0%,0%,1%,0%,0%,0%,0%,10%,0%
1100490,2,3,10,2,2,4,5,2,1,28,5,18,12925,28,1112.5,1.56,461.61,8.61,100%,0%,0%,17%,36%,1%,0%,0%,0%,2%,0%,43.50%,2%,62%,36%,0%,39%,20%,4%,1%,0%,0%,0%,0%,0%,36%,0%
1100510,1,2,10,2,4,7,4,4,1,18,6,25,9025,32,1930,1.28,282.03,21.39,100%,0%,0%,6%,5%,0%,0%,10%,3%,0%,5%,70.90%,65%,27%,7%,0%,41%,8%,0%,5%,0%,25%,3%,0%,10%,7%,0%
1100620,3,3,10,2,3,4,5,2,1,14,4,17,38925,32,4863,1.88,1216.41,12.49,98%,0%,2%,12%,0%,0%,3%,0%,30%,0%,0%,55.40%,14%,80%,0%,6%,48%,17%,2%,3%,0%,0%,30%,0%,0%,0%,0%
1100790,3,3,10,2,4,4,3,4,1,28,3,16,22500,25,2455.25,1.56,900,10.91,100%,0%,0%,9%,0%,0%,0%,0%,0%,11%,0%,80.70%,11%,89%,0%,0%,77%,4%,19%,0%,0%,0%,0%,0%,0%,0%,0%
1100860,2,1,5,2,1,7,2,4,1,19,3,8,6925,17,744,2.13,407.35,10.74,100%,0%,0%,49%,0%,3%,0%,0%,0%,0%,0%,47.70%,48%,52%,0%,0%,90%,0%,0%,10%,0%,0%,0%,0%,0%,0%,0%
1100910,1,2,10,2,4,7,4,4,1,29,3,21,8800,41,1041.5,1.95,214.63,11.84,84%,16%,0%,0%,0%,14%,23%,0%,0%,0%,0%,62.80%,7%,93%,0%,0%,46%,34%,0%,20%,0%,0%,0%,0%,0%,0%,0%
1101030,1,1,13,2,4,7,5,4,1,19,2,15,13675,30,1394,2,455.83,10.19,96%,2%,1%,0%,0%,0%,0%,0%,0%,34%,0%,66.40%,24%,76%,0%,0%,2%,4%,76%,0%,18%,0%,0%,0%,0%,0%,0%
1101070,2,1,4,2,3,5,5,2,1,20,2,8,12200,25,1421,3.13,488,11.65,75%,21%,4%,0%,0%,41%,0%,0%,0%,0%,0%,59.40%,28%,41%,0%,31%,39%,0%,0%,59%,2%,0%,0%,0%,0%,0%,0%
1101080,3,3,10,2,4,4,4,4,1,18,3,34,16600,54,2204,1.59,307.41,13.28,94%,6%,0%,29%,0%,19%,0%,0%,0%,0%,0%,52.60%,41%,55%,0%,4%,43%,1%,4%,32%,18%,1%,0%,0%,0%,0%,1%
1104070,2,3,10,2,4,5,6,3,1,16,7,29,12675,50,1657.5,1.72,253.5,13.08,98%,2%,0%,2%,2%,2%,0%,4%,3%,34%,0%,53.10%,37%,60%,2%,1%,13%,11%,60%,2%,2%,1%,3%,0%,7%,2%,0%
1104230,4,3,10,2,3,5,7,2,1,16,3,8,6900,16,712,2,431.25,10.32,100%,0%,0%,83%,0%,0%,0%,0%,4%,0%,0%,13.00%,3%,87%,0%,10%,93%,0%,0%,0%,3%,0%,4%,0%,0%,0%,0%
1104380,3,0,0,0,2,0,0,5,0,0,1,2,900,2,104,1,450,11.56,67%,0%,33%,0%,0%,0%,0%,0%,0%,0%,0%,100.00%,0%,67%,0%,33%,33%,67%,0%,0%,0%,0%,0%,0%,0%,0%,0%
1104490,2,1,5,2,4,4,15,2,1,10,3,8,48500,28,5425,3.5,1732.14,11.19,95%,5%,0%,79%,3%,0%,0%,0%,0%,0%,0%,17.60%,9%,86%,3%,2%,95%,0%,0%,0%,0%,0%,0%,0%,2%,3%,0%
1104510,4,3,17,1,3,3,6,2,2,11,2,10,18200,38,1409.5,3.8,478.95,7.74,92%,4%,4%,0%,5%,0%,0%,0%,0%,0%,0%,95.10%,10%,3%,5%,82%,82%,3%,0%,0%,10%,0%,0%,0%,0%,5%,0%
1104630,4,3,10,2,3,5,4,4,1,19,6,18,11100,34,865.5,1.89,326.47,7.8,82%,9%,9%,5%,5%,0%,0%,0%,1%,2%,2%,85.60%,14%,8%,5%,73%,89%,2%,2%,0%,0%,0%,1%,0%,0%,5%,1%
1104740,3,3,10,2,2,5,5,2,1,11,5,17,24435,29,2583,1.71,842.59,10.57,100%,0%,0%,70%,2%,0%,0%,0%,0%,7%,2%,18.70%,6%,92%,2%,0%,87%,2%,7%,0%,1%,0%,0%,0%,0%,2%,0%
1105040,2,3,10,2,3,5,5,2,2,13,4,18,19275,31,1889,1.72,621.77,9.8,99%,1%,0%,5%,2%,0%,6%,0%,0%,0%,0%,87.50%,30%,69%,2%,0%,12%,2%,31%,0%,7%,0%,0%,0%,0%,2%,47%
1105100,4,0,0,0,2,0,0,5,0,0,5,20,9325,27,945.5,1.35,345.37,10.14,98%,2%,0%,13%,0%,2%,12%,0%,0%,9%,0%,64.30%,20%,50%,0%,29%,75%,8%,9%,4%,4%,0%,0%,0%,0%,0%,0%
1105130,1,3,12,2,3,7,5,2,2,14,4,23,8125,38,720,1.65,213.82,8.86,94%,2%,5%,4%,35%,0%,0%,0%,0%,1%,0%,60.00%,13%,44%,40%,3%,16%,37%,3%,4%,1%,0%,0%,0%,0%,40%,0%
1105150,3,3,10,2,4,5,4,4,1,17,5,16,10800,30,1215,1.88,360,11.25,100%,0%,0%,60%,4%,0%,22%,0%,0%,0%,5%,8.30%,14%,81%,4%,0%,86%,6%,1%,0%,2%,0%,0%,0%,0%,4%,0%
1105250,2,3,10,2,2,7,5,1,1,13,6,29,13750,56,1472.75,1.93,245.54,10.71,96%,4%,0%,27%,21%,0%,0%,1%,0%,6%,2%,44.20%,19%,61%,21%,0%,33%,32%,7%,1%,4%,0%,0%,1%,1%,21%,0%
1105370,4,3,5,2,3,4,6,3,1,16,3,20,12275,40,1904.5,2,306.88,15.52,95%,0%,5%,7%,0%,0%,0%,0%,1%,0%,0%,92.70%,63%,37%,0%,0%,7%,82%,1%,0%,4%,4%,1%,0%,0%,0%,1%
1105400,3,3,10,2,2,5,4,2,1,30,4,23,11425,33,1318.5,1.43,346.21,11.54,82%,18%,0%,0%,8%,0%,0%,0%,2%,3%,0%,87.50%,32%,60%,8%,0%,20%,7%,33%,6%,0%,0%,2%,0%,2%,8%,22%
1105580,2,1,16,2,2,5,3,2,1,23,4,12,6500,25,957,2.08,260,14.72,93%,7%,0%,0%,0%,20%,0%,0%,5%,0%,1%,74.60%,53%,47%,0%,0%,5%,24%,16%,51%,0%,0%,5%,0%,0%,0%,0%
1105630,3,1,10,2,3,5,4,4,1,16,3,17,10000,40,1077.5,2.35,250,10.78,98%,0%,2%,56%,8%,0%,0%,0%,0%,0%,0%,36.50%,23%,70%,8%,0%,70%,0%,8%,0%,15%,0%,0%,0%,0%,8%,0%
1105830,2,3,10,2,2,5,4,2,1,18,2,18,10925,22,1153,1.22,496.59,10.55,81%,15%,4%,5%,0%,0%,0%,0%,0%,0%,0%,94.50%,35%,15%,0%,50%,61%,5%,8%,23%,0%,2%,0%,0%,0%,0%,0%
1105890,3,3,10,2,3,1,4,4,1,11,2,10,5350,22,539,2.2,243.18,10.07,100%,0%,0%,0%,0%,0%,36%,0%,0%,0%,0%,64.50%,0%,45%,0%,55%,71%,0%,10%,20%,0%,0%,0%,0%,0%,0%,0%
1105900,4,3,10,2,2,6,4,3,1,9,2,15,14500,38,1538,2.53,381.58,10.61,100%,0%,0%,42%,0%,0%,0%,0%,0%,0%,0%,58.10%,11%,64%,0%,25%,90%,0%,0%,1%,9%,0%,0%,1%,0%,0%,0%
1106020,2,3,10,2,4,5,5,4,1,14,5,16,14900,32,998,2,465.63,6.7,83%,0%,17%,4%,79%,0%,1%,0%,0%,4%,0%,12.80%,2%,18%,79%,1%,9%,6%,5%,1%,1%,0%,0%,0%,0%,79%,0%
1106040,4,1,10,2,2,1,4,2,1,8,6,20,13100,31,1436,1.55,422.58,10.96,97%,0%,3%,7%,0%,0%,5%,0%,2%,5%,4%,78.20%,17%,83%,0%,0%,69%,12%,7%,0%,9%,0%,3%,0%,0%,0%,0%
1106090,3,1,10,2,4,4,5,2,1,14,5,19,17850,34,1874,1.79,525,10.5,83%,13%,4%,0%,8%,0%,60%,0%,4%,0%,1%,26.60%,5%,84%,8%,3%,79%,1%,4%,1%,1%,1%,4%,1%,0%,8%,0%
1106180,1,1,16,2,2,7,4,3,1,38,3,23,10800,32,1918.5,1.39,337.5,17.76,100%,0%,0%,0%,0%,0%,19%,14%,0%,0%,0%,67.60%,64%,36%,0%,0%,65%,10%,1%,0%,1%,3%,0%,2%,19%,0%,0%
1106290,2,0,0,0,2,0,0,5,0,0,5,21,4250,23,658,1.1,184.78,15.48,100%,0%,0%,16%,0%,16%,0%,5%,0%,0%,2%,60.60%,44%,56%,0%,0%,52%,21%,5%,16%,0%,0%,0%,0%,5%,0%,0%
1106360,3,0,0,0,2,0,0,5,0,0,3,4,2175,7,266,1.75,310.71,12.23,82%,0%,18%,69%,0%,21%,0%,0%,0%,0%,0%,10.30%,10%,90%,0%,0%,69%,0%,6%,21%,5%,0%,0%,0%,0%,0%,0%
1106440,3,3,10,2,4,4,5,2,2,14,2,8,5700,22,462.5,2.75,259.09,8.11,82%,18%,0%,16%,0%,0%,0%,0%,0%,0%,0%,84.20%,0%,16%,0%,84%,89%,0%,0%,4%,7%,0%,0%,0%,0%,0%,0%
1106550,2,3,10,2,2,7,5,4,0,15,6,28,14400,41,1641.5,1.46,351.22,11.4,100%,0%,0%,27%,8%,1%,0%,0%,1%,1%,0%,61.10%,14%,77%,8%,0%,29%,48%,3%,2%,4%,0%,1%,4%,0%,8%,0%
1106570,1,3,10,2,2,7,3,1,1,30,4,17,9400,22,1513.5,1.29,427.27,16.1,95%,5%,0%,30%,0%,5%,0%,0%,0%,0%,10%,55.30%,65%,35%,0%,0%,48%,27%,10%,14%,0%,0%,0%,0%,0%,0%,1%
1106630,3,3,10,2,2,5,5,3,1,15,5,8,11450,20,1138,2.5,572.5,9.94,100%,0%,0%,0%,3%,0%,5%,1%,0%,75%,0%,15.70%,1%,93%,3%,3%,8%,13%,75%,0%,0%,0%,0%,0%,1%,3%,0%
1106730,3,3,10,2,2,5,4,3,1,20,6,36,9225,49,1220,1.36,188.27,13.22,82%,11%,7%,1%,0%,0%,1%,2%,10%,3%,0%,83.20%,32%,58%,0%,10%,56%,0%,5%,2%,2%,6%,10%,3%,2%,0%,15%
1106800,3,3,10,1,2,5,4,1,1,15,1,2,1350,2,142,1,675,10.52,100%,0%,0%,0%,0%,0%,0%,0%,0%,0%,0%,100.00%,0%,100%,0%,0%,44%,0%,0%,0%,0%,0%,56%,0%,0%,0%,0%
1106810,2,3,10,2,2,5,5,3,1,12,4,7,3075,7,395.25,1,439.29,12.85,80%,20%,0%,16%,0%,7%,13%,0%,0%,0%,0%,63.40%,39%,61%,0%,0%,83%,0%,0%,7%,0%,10%,0%,0%,0%,0%,0%
1110140,3,3,10,2,2,5,3,1,1,15,2,12,8525,37,1325.5,3.08,230.41,15.55,89%,2%,9%,0%,0%,1%,0%,0%,0%,0%,0%,99.10%,98%,2%,0%,0%,0%,0%,77%,11%,0%,0%,0%,12%,0%,0%,0%
1110290,3,3,17,2,3,5,5,4,1,31,2,16,12625,42,2120.5,2.63,300.6,16.8,98%,2%,0%,18%,0%,0%,0%,0%,0%,0%,0%,81.80%,79%,21%,0%,0%,38%,48%,0%,12%,0%,1%,0%,0%,0%,0%,2%
1110370,2,1,4,2,4,4,5,4,2,6,4,26,15500,30,1785.5,1.15,516.67,11.52,62%,36%,2%,0%,0%,2%,0%,0%,21%,13%,0%,63.90%,28%,63%,0%,9%,47%,3%,13%,2%,5%,0%,31%,0%,0%,0%,0%
1110380,3,3,6,2,4,4,5,4,1,10,6,23,26050,57,2647,2.48,457.02,10.16,96%,2%,2%,0%,1%,2%,0%,1%,0%,5%,0%,90.90%,24%,75%,1%,0%,2%,0%,22%,2%,9%,0%,0%,0%,1%,1%,63%
1110540,1,2,6,2,2,7,4,4,1,38,4,14,10225,48,1801,3.43,213.02,17.61,90%,0%,10%,0%,0%,0%,0%,18%,0%,6%,1%,75.10%,82%,18%,0%,0%,1%,1%,60%,0%,0%,0%,0%,1%,37%,0%,0%
1110550,2,3,10,2,4,4,4,4,1,10,7,21,46350,56,4416,2.67,827.68,9.53,98%,1%,2%,43%,28%,1%,1%,0%,1%,0%,1%,25.40%,2%,69%,28%,1%,56%,7%,5%,3%,0%,0%,1%,0%,0%,28%,0%
1110680,3,3,10,2,4,5,3,4,1,11,4,29,18025,72,2307.25,2.48,250.35,12.8,100%,0%,0%,0%,0%,9%,17%,0%,0%,4%,0%,70.20%,34%,66%,0%,0%,53%,0%,7%,28%,11%,0%,0%,1%,0%,0%,0%
1110890,2,3,10,2,4,4,5,4,1,17,3,16,12350,29,1181.5,1.81,425.86,9.57,95%,5%,0%,10%,0%,6%,0%,0%,0%,0%,0%,84.20%,12%,67%,0%,21%,66%,0%,1%,8%,2%,0%,0%,0%,0%,0%,22%
1110970,3,3,10,2,4,4,6,3,2,16,5,14,10775,29,1028,2.07,371.55,9.54,95%,0%,5%,9%,1%,0%,0%,0%,1%,0%,2%,86.50%,10%,10%,1%,79%,85%,2%,0%,11%,0%,0%,1%,0%,0%,1%,0%
1111010,1,2,4,2,4,5,5,4,1,31,8,44,15135,61,1675.5,1.39,248.11,11.07,85%,14%,1%,1%,2%,0%,1%,1%,8%,5%,0%,81.00%,9%,87%,2%,2%,28%,21%,5%,1%,2%,0%,32%,0%,1%,2%,8%
1111100,1,2,17,2,4,7,3,4,1,1,3,5,10800,46,1626,9.2,234.78,15.06,100%,0%,0%,0%,4%,0%,0%,0%,0%,0%,51%,45.10%,51%,45%,4%,0%,0%,96%,0%,0%,0%,0%,0%,0%,0%,4%,0%
1111180,3,3,17,2,4,5,4,4,1,12,3,21,30325,41,2357.5,1.95,739.63,7.77,81%,15%,4%,0%,40%,3%,0%,0%,0%,0%,0%,57.00%,9%,23%,44%,23%,44%,6%,0%,9%,0%,0%,0%,0%,0%,40%,0%
1111280,1,1,10,2,4,7,4,4,2,38,4,23,9425,43,1855.5,1.87,219.19,19.69,69%,27%,4%,19%,0%,14%,0%,2%,0%,0%,0%,65.50%,64%,36%,0%,0%,38%,0%,10%,20%,0%,29%,0%,0%,2%,0%,2%
1111310,2,3,6,2,4,4,3,4,0,16,4,8,31575,28,3385,3.5,1127.68,10.72,100%,0%,0%,0%,0%,0%,86%,0%,0%,0%,1%,13.10%,7%,93%,0%,0%,94%,1%,5%,0%,0%,0%,0%,0%,0%,0%,0%
1111410,3,3,17,2,4,4,6,2,2,19,6,20,28100,70,2467.25,3.5,401.43,8.78,95%,0%,5%,1%,29%,0%,0%,0%,0%,0%,2%,67.50%,6%,47%,29%,18%,19%,47%,2%,1%,0%,0%,0%,0%,0%,29%,0%
1111500,1,3,10,2,4,5,4,4,1,26,3,18,6950,26,1041.5,1.44,267.31,14.99,86%,14%,0%,57%,0%,4%,0%,0%,0%,0%,0%,38.50%,47%,53%,0%,0%,82%,0%,0%,6%,0%,12%,0%,0%,0%,0%,0%
1111710,2,0,0,0,3,0,0,5,0,0,2,2,1300,2,93,1,650,7.15,100%,0%,0%,31%,69%,0%,0%,0%,0%,0%,0%,0.00%,0%,31%,69%,0%,31%,0%,0%,0%,0%,0%,0%,0%,0%,69%,0%
1111750,3,3,10,2,3,4,3,4,1,18,5,13,24750,91,2798.5,7,271.98,11.31,98%,0%,2%,29%,3%,0%,3%,0%,0%,30%,0%,35.20%,3%,94%,3%,0%,35%,6%,53%,0%,0%,0%,0%,3%,0%,3%,0%
1115100,3,3,10,2,4,4,5,4,1,11,4,12,11650,28,1351,2.33,416.07,11.6,94%,0%,6%,0%,50%,0%,0%,1%,0%,0%,26%,22.70%,49%,1%,50%,0%,0%,46%,1%,0%,3%,0%,0%,0%,1%,50%,0%
1115200,2,1,4,2,3,6,5,2,1,18,3,24,14250,38,1494.5,1.58,375,10.49,95%,5%,0%,53%,0%,0%,1%,0%,0%,0%,0%,46.00%,12%,62%,0%,26%,79%,0%,2%,17%,1%,0%,0%,1%,0%,0%,0%
1115320,2,3,17,2,3,5,4,4,0,11,2,6,13400,18,1274.5,3,744.44,9.51,96%,0%,4%,0%,0%,0%,0%,0%,0%,22%,0%,78.40%,0%,100%,0%,0%,0%,0%,100%,0%,0%,0%,0%,0%,0%,0%,0%
1115330,3,3,10,2,3,4,6,4,1,15,7,20,17175,58,1924.5,2.9,296.12,11.21,99%,0%,1%,48%,2%,0%,2%,2%,0%,7%,2%,38.30%,18%,79%,2%,1%,74%,3%,7%,1%,12%,0%,0%,0%,2%,2%,0%
1115620,3,1,12,2,3,5,5,2,1,15,4,17,9900,30,1062.5,1.76,330,10.73,100%,0%,0%,52%,8%,0%,0%,0%,8%,0%,0%,32.60%,13%,78%,8%,2%,77%,0%,3%,0%,4%,0%,8%,0%,0%,8%,0%
1115710,2,1,13,2,4,1,5,4,2,31,6,16,9100,21,949.5,1.31,433.33,10.43,92%,8%,0%,4%,3%,2%,0%,0%,16%,3%,0%,71.70%,7%,65%,3%,26%,27%,40%,3%,4%,7%,0%,16%,0%,0%,3%,0%
1115800,3,3,10,2,3,5,4,2,1,12,4,18,7280,27,862.6,1.5,269.63,11.85,84%,16%,0%,0%,0%,0%,0%,7%,9%,3%,0%,80.80%,29%,71%,0%,0%,9%,18%,16%,6%,1%,0%,9%,0%,7%,0%,33%
1115970,1,0,0,0,3,0,0,5,0,0,2,3,2750,3,305,1,916.67,11.09,100%,0%,0%,0%,0%,0%,0%,0%,27%,0%,0%,72.70%,0%,100%,0%,0%,73%,0%,0%,0%,0%,0%,27%,0%,0%,0%,0%
1116000,2,1,4,2,3,5,4,4,1,23,5,23,9250,32,979.2,1.39,289.06,10.59,68%,14%,18%,1%,0%,0%,1%,0%,2%,0%,1%,94.60%,27%,31%,0%,42%,57%,1%,19%,6%,0%,0%,2%,1%,0%,0%,13%
1116050,3,3,10,2,3,4,6,3,1,12,5,23,16425,41,1683.5,1.78,400.61,10.25,81%,7%,12%,12%,0%,0%,1%,0%,3%,0%,1%,83.10%,36%,38%,11%,15%,39%,25%,4%,5%,23%,0%,3%,0%,0%,0%,2%
1116130,2,1,4,2,3,5,5,2,1,9,5,23,9325,41,1122.5,1.78,227.44,12.04,83%,12%,4%,29%,0%,5%,0%,6%,2%,0%,0%,59.00%,42%,51%,0%,6%,70%,2%,2%,6%,13%,0%,2%,0%,6%,0%,0%
1116200,2,3,10,2,4,5,2,4,1,32,3,9,6850,24,1026.5,2.67,285.42,14.99,93%,7%,0%,13%,0%,70%,0%,0%,0%,0%,0%,16.80%,14%,86%,0%,0%,16%,0%,8%,76%,0%,0%,0%,0%,0%,0%,0%
1116250,3,3,10,2,3,6,5,4,1,28,3,10,14150,30,1427.5,3,471.67,10.09,95%,0%,5%,3%,10%,0%,0%,0%,0%,0%,0%,87.60%,9%,82%,10%,0%,3%,78%,2%,0%,8%,0%,0%,0%,0%,10%,0%
1116380,2,2,4,2,3,4,5,4,1,22,3,9,9925,18,1554,2,551.39,15.66,98%,2%,0%,25%,0%,59%,0%,0%,0%,0%,0%,15.60%,7%,92%,0%,1%,28%,0%,0%,72%,0%,0%,0%,0%,0%,0%,0%
1116470,3,3,10,2,3,4,6,3,2,10,5,10,7675,26,852.5,2.6,295.19,11.11,97%,3%,0%,48%,4%,0%,0%,0%,3%,0%,6%,39.10%,10%,86%,4%,0%,83%,6%,0%,0%,4%,0%,3%,0%,0%,4%,0%
1116570,3,3,17,2,4,4,7,2,1,10,2,4,17950,18,1285,4.5,997.22,7.16,100%,0%,0%,0%,0%,0%,0%,0%,0%,0%,1%,99.20%,1%,0%,0%,99%,99%,1%,0%,0%,0%,0%,0%,0%,0%,0%,0%
1116580,2,3,10,2,3,4,3,4,1,18,2,11,4975,19,866.5,1.73,261.84,17.42,95%,5%,0%,6%,0%,0%,0%,0%,0%,0%,0%,94.00%,91%,9%,0%,0%,9%,0%,0%,30%,4%,47%,0%,0%,1%,0%,9%
1116630,3,3,10,2,3,4,4,2,1,13,3,28,10195,50,1246.5,1.79,203.9,12.23,95%,1%,3%,36%,0%,0%,0%,0%,0%,34%,0%,30.10%,25%,68%,0%,7%,54%,0%,43%,0%,1%,0%,0%,2%,0%,0%,0%
1116730,3,3,10,2,4,3,3,4,1,17,3,17,6100,25,639.5,1.47,244,10.48,47%,53%,0%,5%,0%,0%,26%,0%,0%,0%,0%,68.90%,25%,65%,0%,10%,79%,0%,0%,0%,21%,0%,0%,0%,0%,0%,0%
1120150,1,2,10,2,4,5,4,4,1,18,4,28,13020,66,2059,2.36,197.27,15.81,59%,34%,7%,0%,0%,41%,0%,8%,0%,0%,4%,46.40%,38%,62%,0%,0%,3%,6%,1%,48%,11%,0%,0%,0%,9%,0%,22%
1120250,2,1,5,2,4,5,6,1,1,21,3,9,14350,35,1643.5,3.89,410,11.45,97%,0%,3%,0%,0%,0%,0%,0%,11%,13%,0%,75.30%,50%,48%,0%,2%,9%,0%,71%,0%,8%,0%,11%,0%,0%,0%,0%
1120440,1,3,4,1,4,5,5,1,1,32,7,18,11725,34,1270,1.89,344.85,10.83,84%,13%,3%,31%,24%,0%,0%,1%,22%,7%,3%,11.90%,12%,62%,26%,0%,31%,9%,7%,5%,0%,0%,22%,0%,1%,26%,0%
1120450,3,3,10,2,4,4,5,2,1,20,4,18,10025,24,1267.5,1.33,417.71,12.64,94%,6%,0%,5%,0%,0%,44%,0%,4%,0%,0%,47.40%,29%,61%,0%,10%,67%,23%,1%,5%,0%,0%,4%,0%,0%,0%,0%
1120550,1,3,3,2,3,7,3,4,1,14,4,13,9800,26,1534.25,2,376.92,15.66,100%,0%,0%,70%,0%,3%,0%,0%,0%,0%,1%,26.50%,57%,43%,0%,0%,88%,5%,0%,3%,0%,5%,0%,0%,0%,0%,0%
1120560,2,3,3,2,4,6,4,4,1,10,3,4,1175,4,187.5,1,293.75,15.96,100%,0%,0%,43%,0%,0%,0%,13%,0%,0%,0%,44.70%,57%,43%,0%,0%,74%,0%,0%,0%,0%,13%,0%,0%,13%,0%,0%
1120690,3,3,10,2,4,4,5,4,1,27,4,19,12475,27,1641.5,1.42,462.04,13.16,100%,0%,0%,24%,4%,0%,0%,0%,4%,0%,0%,68.70%,50%,46%,4%,0%,32%,10%,23%,0%,5%,22%,4%,0%,0%,4%,0%
1120850,3,3,10,2,4,5,8,3,2,14,2,2,13500,23,1325,11.5,586.96,9.81,96%,4%,0%,0%,0%,0%,0%,0%,0%,93%,0%,6.70%,0%,100%,0%,0%,7%,0%,93%,0%,0%,0%,0%,0%,0%,0%,0%
1120870,2,1,4,2,3,4,5,4,1,33,3,26,12750,46,1747.5,1.77,277.17,13.71,94%,5%,1%,0%,0%,3%,0%,12%,0%,0%,0%,84.70%,70%,11%,0%,18%,61%,1%,1%,21%,0%,0%,0%,0%,17%,0%,0%
1120960,1,1,4,2,3,6,3,4,1,30,4,13,11200,49,1488.25,3.77,228.57,13.29,91%,0%,9%,6%,0%,4%,0%,0%,13%,0%,0%,77.00%,7%,93%,0%,0%,8%,40%,35%,4%,0%,0%,13%,0%,0%,0%,0%
1121050,1,1,4,2,2,6,10,3,1,51,8,56,22325,86,3576.5,1.54,259.59,16.02,82%,15%,3%,1%,1%,2%,0%,2%,1%,7%,7%,78.90%,61%,36%,1%,2%,25%,22%,7%,23%,0%,7%,1%,4%,6%,1%,3%
1121170,3,3,9,2,4,4,5,2,1,31,7,22,11775,36,1510.5,1.64,327.08,12.83,90%,10%,0%,37%,0%,2%,15%,3%,0%,8%,4%,30.80%,22%,78%,0%,0%,68%,4%,12%,4%,0%,0%,0%,0%,3%,0%,8%
1121270,1,1,15,2,3,7,5,4,1,30,3,15,12775,46,2797,3.07,277.72,21.89,84%,0%,16%,0%,5%,0%,0%,26%,0%,0%,0%,68.90%,95%,0%,5%,0%,50%,0%,0%,0%,0%,1%,0%,0%,44%,5%,1%
1121350,2,3,12,2,4,5,7,2,1,48,7,43,12950,61,1793.5,1.42,212.3,13.85,81%,15%,3%,12%,0%,3%,5%,2%,1%,0%,6%,71.60%,40%,20%,0%,40%,47%,10%,9%,19%,0%,10%,1%,0%,2%,0%,3%
1121440,1,1,4,2,3,7,5,2,1,26,2,18,5650,21,789,1.17,269.05,13.96,100%,0%,0%,15%,0%,0%,0%,0%,0%,0%,0%,85.00%,60%,35%,0%,5%,56%,27%,0%,8%,7%,0%,0%,1%,0%,0%,0%
1121450,3,3,10,2,4,5,2,4,1,32,4,14,4225,20,625.5,1.43,211.25,14.8,95%,5%,0%,59%,0%,0%,0%,0%,7%,0%,7%,26.60%,55%,45%,0%,0%,68%,7%,5%,0%,0%,12%,7%,0%,0%,0%,0%
1121570,2,2,8,2,4,3,5,2,1,31,4,31,17400,42,2207,1.35,414.29,12.68,94%,3%,3%,5%,5%,0%,0%,1%,0%,0%,0%,88.40%,48%,11%,5%,35%,79%,3%,0%,9%,3%,0%,0%,0%,1%,5%,0%
1121660,1,3,9,2,3,7,9,3,1,45,4,15,22925,36,3014.5,2.4,636.81,13.15,89%,2%,9%,2%,0%,0%,0%,1%,2%,0%,0%,96.00%,92%,8%,0%,0%,5%,1%,85%,3%,0%,2%,2%,0%,2%,0%,0%
1121760,2,3,14,1,4,5,5,1,0,14,4,29,17825,72,2406,2.48,247.57,13.5,100%,0%,0%,0%,13%,0%,0%,0%,0%,25%,1%,60.00%,38%,49%,13%,0%,0%,11%,35%,23%,0%,0%,0%,12%,0%,13%,5%
1121780,1,1,4,2,4,4,4,4,1,24,3,20,9025,25,1387.5,1.25,361,15.37,49%,12%,38%,0%,0%,3%,0%,0%,0%,0%,3%,93.40%,59%,41%,0%,0%,19%,18%,0%,48%,8%,0%,0%,0%,0%,0%,7%
1125100,2,1,10,2,4,5,2,4,1,30,4,16,4450,23,541.5,1.44,193.48,12.17,39%,37%,24%,9%,13%,0%,0%,0%,0%,0%,12%,65.70%,34%,26%,13%,27%,60%,12%,8%,0%,0%,7%,0%,0%,0%,13%,0%
1125140,2,1,16,2,4,5,3,4,1,33,5,33,9970,50,1331.35,1.52,199.4,13.35,74%,7%,19%,16%,2%,0%,0%,8%,0%,1%,0%,73.90%,27%,69%,4%,0%,43%,31%,1%,0%,4%,2%,0%,0%,8%,4%,7%
1125190,1,1,10,2,4,5,4,4,1,39,3,20,6175,46,1060,2.3,134.24,17.17,96%,4%,0%,0%,0%,32%,0%,10%,0%,0%,0%,58.70%,59%,41%,0%,0%,11%,7%,1%,59%,10%,2%,0%,0%,10%,0%,0%
1125280,3,0,0,0,4,0,0,5,0,0,1,2,375,2,30,1,187.5,8,100%,0%,0%,0%,0%,0%,0%,0%,0%,0%,0%,100.00%,20%,0%,0%,80%,80%,0%,20%,0%,0%,0%,0%,0%,0%,0%,0%
1125470,1,1,10,2,4,4,4,4,2,29,4,20,8125,30,965.5,1.5,270.83,11.88,96%,0%,4%,0%,0%,2%,4%,3%,0%,0%,0%,91.70%,23%,77%,0%,0%,53%,29%,0%,2%,14%,0%,0%,0%,3%,0%,0%
1125480,3,1,4,1,4,5,2,4,1,8,3,11,5600,21,812,1.91,266.67,14.5,89%,5%,5%,36%,0%,0%,0%,0%,0%,0%,5%,58.90%,62%,38%,0%,0%,41%,5%,3%,46%,5%,0%,0%,0%,0%,0%,0%
1125510,2,1,19,2,4,1,3,4,1,29,5,12,13850,25,1580,2.08,554,11.41,100%,0%,0%,52%,2%,0%,0%,1%,0%,4%,0%,40.40%,11%,87%,2%,0%,82%,0%,4%,0%,1%,5%,0%,3%,1%,2%,0%
1125790,3,3,6,2,2,6,4,2,1,25,3,14,9800,28,1264,2,350,12.9,94%,2%,4%,62%,0%,0%,0%,0%,8%,0%,0%,30.40%,29%,71%,0%,0%,76%,0%,2%,5%,8%,1%,8%,0%,0%,0%,0%
1125840,2,3,10,2,4,4,5,4,2,18,2,11,14050,18,1031.5,1.64,780.56,7.34,97%,0%,3%,0%,54%,0%,0%,0%,0%,0%,0%,45.60%,0%,33%,67%,0%,7%,34%,0%,0%,0%,0%,0%,0%,0%,59%,0%
1125910,3,3,10,2,4,4,5,3,1,23,1,15,5225,19,582,1.27,275,11.14,79%,16%,4%,0%,0%,0%,0%,0%,0%,0%,0%,100.00%,85%,11%,0%,4%,61%,20%,14%,0%,0%,0%,0%,4%,0%,0%,0%
1130020,3,1,4,2,4,4,1,4,0,12,3,19,4325,30,469.25,1.58,144.17,10.85,98%,0%,2%,28%,0%,0%,0%,2%,0%,0%,0%,70.50%,17%,67%,5%,10%,67%,0%,0%,10%,14%,0%,0%,2%,2%,5%,0%
1134090,1,3,5,2,3,4,5,2,1,19,2,16,9100,19,1513.5,1.19,478.95,16.63,97%,0%,3%,9%,0%,0%,0%,0%,0%,0%,0%,91.20%,50%,50%,0%,0%,31%,0%,0%,7%,0%,0%,0%,0%,36%,0%,26%
1135050,2,1,13,2,4,6,5,1,1,16,6,23,20400,55,2404,2.39,370.91,11.78,91%,1%,8%,33%,0%,0%,1%,0%,3%,20%,12%,30.60%,18%,79%,2%,1%,50%,19%,25%,0%,0%,0%,3%,0%,0%,2%,0%
1135150,1,3,10,2,2,5,5,3,1,25,3,27,10345,47,1262.5,1.74,220.11,12.2,84%,7%,9%,59%,0%,0%,0%,0%,0%,0%,1%,40.60%,25%,67%,0%,8%,78%,4%,8%,5%,1%,1%,0%,1%,0%,0%,1%
1135240,1,0,0,0,2,0,0,5,0,0,2,10,3750,13,495,1.3,288.46,13.2,100%,0%,0%,16%,0%,0%,0%,0%,0%,0%,0%,84.00%,92%,0%,0%,8%,88%,0%,0%,12%,0%,0%,0%,0%,0%,0%,0%
1135320,1,0,0,0,1,0,0,5,0,0,2,2,1300,2,200,1,650,15.38,100%,0%,0%,0%,0%,0%,0%,0%,0%,31%,0%,69.20%,69%,31%,0%,0%,0%,69%,31%,0%,0%,0%,0%,0%,0%,0%,0%
1137070,3,3,10,2,4,5,4,4,1,36,6,35,20025,52,2638.5,1.49,385.1,13.18,76%,5%,18%,36%,0%,1%,0%,1%,0%,6%,1%,54.60%,42%,53%,0%,5%,61%,1%,12%,9%,11%,4%,0%,0%,1%,0%,1%
1137150,2,0,0,0,3,0,0,5,0,0,5,13,7525,16,1446,1.23,470.31,19.22,87%,8%,5%,6%,0%,18%,8%,3%,0%,0%,0%,65.10%,56%,44%,0%,0%,14%,0%,0%,70%,0%,13%,0%,0%,3%,0%,0%
1137510,2,3,10,2,4,5,3,4,1,17,5,16,18625,35,2391.5,2.19,532.14,12.84,100%,0%,0%,2%,2%,11%,0%,2%,0%,0%,0%,82.70%,5%,94%,2%,0%,2%,82%,1%,11%,0%,0%,0%,0%,2%,2%,0%
1137580,1,1,9,2,4,7,2,4,1,14,5,17,7700,30,1304.5,1.76,256.67,16.94,97%,0%,3%,33%,0%,20%,0%,4%,0%,12%,0%,31.20%,56%,44%,0%,0%,47%,0%,18%,31%,0%,0%,0%,0%,4%,0%,0%
1137610,3,1,10,2,1,4,4,1,1,10,6,14,8375,25,845.5,1.79,335,10.1,87%,13%,0%,17%,41%,13%,8%,0%,0%,0%,7%,13.10%,8%,50%,41%,0%,37%,7%,0%,13%,1%,0%,0%,0%,0%,41%,0%
1140060,2,1,4,2,3,5,4,2,1,21,5,28,12025,46,1340.5,1.64,261.41,11.15,91%,9%,0%,31%,0%,2%,3%,1%,0%,0%,0%,63.40%,38%,52%,0%,11%,64%,2%,0%,2%,23%,6%,0%,0%,1%,0%,2%
1140070,3,3,10,2,3,5,2,4,1,1,7,27,6425,45,744.25,1.67,142.78,11.58,95%,5%,0%,21%,21%,1%,6%,2%,0%,0%,7%,40.90%,30%,49%,21%,0%,63%,7%,0%,4%,0%,4%,0%,0%,2%,21%,0%
1140180,3,1,4,1,4,7,4,4,1,29,6,22,7150,25,913.25,1.14,286,12.77,88%,12%,0%,15%,0%,3%,4%,6%,3%,0%,0%,68.20%,28%,69%,0%,3%,34%,17%,2%,3%,1%,3%,3%,0%,6%,0%,30%
1140360,1,3,10,2,4,5,6,4,1,21,3,18,25525,32,3442.5,1.78,797.66,13.49,93%,4%,3%,0%,0%,1%,0%,0%,0%,5%,0%,94.40%,88%,12%,0%,0%,19%,0%,79%,1%,0%,0%,0%,0%,1%,0%,0%
1140480,2,3,10,2,1,7,3,4,1,22,4,20,7975,65,1479.5,3.25,122.69,18.55,100%,0%,0%,0%,0%,12%,0%,25%,4%,0%,0%,58.60%,61%,39%,0%,0%,0%,21%,1%,49%,0%,0%,4%,0%,25%,0%,0%
1140500,3,1,4,2,4,5,4,4,1,1,1,3,7500,25,2211.25,8.33,300,29.48,97%,3%,0%,0%,0%,0%,0%,0%,0%,0%,0%,100.00%,92%,8%,0%,0%,94%,0%,6%,0%,0%,0%,0%,0%,0%,0%,0%
1140570,1,0,0,0,3,0,0,5,0,0,3,8,3750,10,572.75,1.25,375,15.27,88%,12%,0%,60%,0%,0%,0%,6%,0%,0%,0%,34.00%,58%,36%,0%,6%,72%,0%,4%,6%,0%,12%,0%,0%,6%,0%,0%
1140670,2,1,4,2,3,5,5,4,1,15,6,30,15000,39,1951,1.3,384.62,13.01,67%,32%,2%,32%,2%,11%,3%,0%,10%,0%,0%,42.30%,26%,69%,2%,3%,59%,0%,1%,23%,0%,2%,10%,0%,0%,2%,3%
1140890,1,2,10,2,3,7,3,4,1,16,1,10,1895,10,500.5,1,189.5,26.41,100%,0%,0%,0%,0%,0%,0%,0%,0%,0%,0%,100.00%,72%,28%,0%,0%,51%,0%,0%,0%,0%,32%,0%,0%,0%,0%,17%
1141020,1,1,6,2,4,7,4,4,1,19,2,18,9100,41,1733,2.28,221.95,19.04,100%,0%,0%,0%,0%,2%,0%,0%,0%,0%,0%,98.40%,98%,2%,0%,0%,46%,0%,0%,54%,0%,0%,0%,0%,0%,0%,0%
1141110,3,0,0,0,3,0,0,5,0,0,2,4,3225,7,427.5,1.75,460.71,13.26,86%,14%,0%,0%,0%,35%,0%,0%,0%,0%,0%,65.10%,42%,58%,0%,0%,42%,0%,0%,58%,0%,0%,0%,0%,0%,0%,0%
1141130,1,0,0,0,3,0,0,5,0,0,4,7,4525,12,871,1.71,377.08,19.25,100%,0%,0%,2%,0%,0%,4%,20%,0%,0%,0%,74.00%,96%,4%,0%,0%,76%,0%,0%,0%,4%,0%,0%,0%,20%,0%,0%
1144060,2,3,10,2,4,5,3,4,1,26,2,3,9500,25,1026,8.33,380,10.8,85%,0%,15%,91%,0%,0%,0%,0%,0%,0%,0%,9.50%,1%,99%,0%,0%,99%,0%,0%,0%,0%,1%,0%,0%,0%,0%,0%
1145010,1,0,0,0,2,0,0,5,0,0,1,2,675,2,79.5,1,337.5,11.78,100%,0%,0%,0%,0%,0%,0%,0%,0%,0%,0%,100.00%,44%,56%,0%,0%,44%,0%,0%,56%,0%,0%,0%,0%,0%,0%,0%
1145120,2,1,10,2,3,5,6,3,1,14,5,29,15850,61,2040,2.1,259.84,12.87,82%,8%,10%,6%,0%,0%,1%,0%,4%,0%,14%,74.60%,72%,27%,0%,1%,13%,14%,62%,0%,3%,0%,4%,0%,0%,0%,4%
1145270,2,3,10,2,2,5,3,1,1,23,5,16,16375,23,1894.5,1.44,711.96,11.57,95%,5%,0%,44%,0%,0%,0%,0%,16%,3%,4%,32.80%,14%,78%,0%,7%,72%,6%,3%,0%,0%,0%,16%,2%,0%,0%,0%
1145330,1,3,10,2,3,7,5,3,1,36,4,23,5735,46,965.3,2,124.67,16.83,90%,0%,10%,42%,0%,0%,0%,12%,0%,0%,1%,45.10%,47%,52%,0%,1%,58%,1%,0%,0%,5%,3%,0%,18%,12%,0%,3%
1145380,2,0,0,0,2,0,0,5,0,0,3,11,6525,15,1006.5,1.36,435,15.43,84%,16%,0%,12%,0%,18%,0%,0%,0%,0%,0%,69.30%,23%,77%,0%,0%,12%,0%,0%,75%,5%,0%,0%,8%,0%,0%,0%
1145390,1,0,0,0,2,0,0,5,0,0,2,10,1600,10,212,1,160,13.25,84%,9%,6%,0%,0%,0%,0%,5%,0%,0%,0%,95.30%,47%,53%,0%,0%,17%,34%,0%,0%,6%,0%,0%,9%,5%,0%,28%
1145440,1,0,0,0,2,0,0,5,0,0,2,10,1675,12,287,1.2,139.58,17.13,91%,9%,0%,0%,0%,0%,24%,0%,0%,0%,0%,76.10%,76%,24%,0%,0%,24%,13%,0%,27%,6%,0%,0%,30%,0%,0%,0%
1145470,3,1,14,2,1,4,4,1,1,15,2,7,5175,13,537,1.86,398.08,10.38,88%,0%,12%,37%,0%,0%,0%,0%,0%,0%,0%,63.30%,0%,100%,0%,0%,98%,2%,0%,0%,0%,0%,0%,0%,0%,0%,0%
1145620,1,3,16,2,2,6,4,3,1,26,6,28,14250,48,2094,1.71,296.88,14.69,85%,15%,0%,23%,0%,4%,0%,5%,38%,0%,7%,22.60%,37%,63%,0%,0%,32%,7%,0%,7%,0%,3%,38%,4%,5%,0%,4%
1145690,1,2,10,2,3,6,3,4,1,40,4,33,9800,56,1114.25,1.7,175,11.37,89%,11%,0%,30%,0%,0%,0%,2%,0%,18%,0%,50.00%,18%,75%,0%,8%,56%,9%,25%,6%,0%,2%,0%,0%,2%,0%,1%
1145750,2,2,5,2,3,5,4,2,1,8,2,13,12400,25,1482.5,1.92,496,11.96,88%,12%,0%,0%,0%,7%,0%,0%,0%,0%,0%,92.70%,12%,78%,0%,10%,52%,36%,0%,7%,0%,0%,0%,0%,0%,0%,5%
1145780,1,0,0,0,2,0,0,5,0,0,1,1,200,1,20,1,200,10,100%,0%,0%,0%,0%,0%,0%,0%,0%,0%,0%,100.00%,100%,0%,0%,0%,0%,0%,100%,0%,0%,0%,0%,0%,0%,0%,0%
1145960,1,1,5,2,2,7,3,1,1,26,5,21,5900,30,989.75,1.43,196.67,16.78,84%,14%,2%,21%,0%,8%,0%,5%,6%,0%,0%,59.70%,60%,40%,0%,0%,29%,0%,0%,26%,0%,0%,6%,21%,18%,0%,0%
1145980,3,3,9,2,3,5,4,4,1,27,3,15,13125,32,1442,2.13,410.16,10.99,93%,7%,0%,44%,0%,0%,17%,0%,0%,0%,0%,39.00%,17%,76%,0%,8%,82%,0%,11%,2%,0%,5%,0%,0%,0%,0%,0%
1146030,2,3,5,2,2,8,3,2,1,20,3,19,7800,26,1292,1.37,300,16.56,96%,3%,2%,21%,0%,2%,0%,0%,0%,0%,0%,76.90%,70%,30%,0%,0%,26%,8%,0%,60%,0%,0%,0%,7%,0%,0%,0%
1146060,1,3,10,2,2,7,3,2,1,23,4,27,4150,33,703,1.22,125.76,16.94,76%,24%,0%,22%,0%,5%,0%,7%,0%,0%,0%,65.70%,54%,30%,0%,16%,61%,0%,0%,11%,2%,18%,0%,0%,7%,0%,0%
1146140,1,1,4,2,3,7,5,2,1,24,6,31,8550,49,1150,1.58,174.49,13.45,95%,2%,4%,16%,0%,10%,0%,1%,4%,0%,7%,62.00%,32%,68%,0%,0%,65%,8%,3%,18%,0%,0%,4%,0%,2%,0%,0%
1146240,1,0,0,0,2,0,0,5,0,0,2,4,1350,5,212,1.25,270,15.7,100%,0%,0%,56%,0%,0%,0%,0%,0%,0%,0%,44.40%,100%,0%,0%,0%,56%,0%,44%,0%,0%,0%,0%,0%,0%,0%,0%
1146340,3,3,10,2,3,7,6,3,1,18,3,20,11050,43,1128,2.15,256.98,10.21,100%,0%,0%,66%,3%,0%,0%,0%,0%,0%,0%,31.20%,12%,70%,3%,15%,81%,1%,8%,3%,2%,0%,0%,0%,0%,3%,2%
1146370,2,3,3,2,2,7,6,1,1,39,5,21,8495,29,1095,1.38,292.93,12.89,96%,4%,0%,53%,0%,2%,1%,2%,0%,0%,0%,42.30%,24%,69%,0%,7%,61%,21%,2%,14%,0%,0%,0%,0%,2%,0%,0%
1146450,1,3,8,2,2,5,4,4,1,31,3,18,32025,64,3435.5,3.56,500.39,10.73,96%,4%,1%,0%,0%,0%,0%,0%,0%,0%,0%,99.10%,18%,82%,0%,0%,57%,28%,0%,0%,14%,0%,0%,0%,0%,0%,0%
1146510,1,0,0,0,2,0,0,5,0,0,2,8,3300,8,380.5,1,412.5,11.53,93%,7%,0%,15%,0%,0%,0%,0%,0%,0%,0%,84.80%,18%,68%,0%,14%,27%,11%,23%,39%,0%,0%,0%,0%,0%,0%,0%
1146620,1,0,0,0,2,0,0,5,0,0,1,1,300,1,40,1,300,13.33,100%,0%,0%,0%,0%,0%,0%,0%,0%,0%,0%,100.00%,100%,0%,0%,0%,0%,0%,100%,0%,0%,0%,0%,0%,0%,0%,0%
1146670,2,3,10,2,2,7,3,4,1,28,3,10,12000,23,1608.5,2.3,521.74,13.4,94%,6%,0%,0%,0%,5%,0%,0%,75%,0%,0%,20.00%,4%,93%,0%,3%,12%,0%,4%,9%,0%,0%,75%,0%,0%,0%,0%
1146710,1,3,9,2,2,8,3,1,1,38,5,14,2525,15,352.5,1.07,168.33,13.96,91%,9%,0%,4%,0%,21%,4%,3%,0%,0%,0%,68.30%,33%,51%,0%,16%,59%,17%,0%,21%,0%,0%,0%,0%,3%,0%,0%
1146760,1,0,0,0,2,0,0,5,0,0,5,17,18850,36,2696.5,2.12,523.61,14.31,100%,0%,0%,0%,0%,7%,0%,5%,31%,0%,0%,56.60%,21%,79%,0%,0%,0%,41%,13%,7%,0%,0%,31%,0%,5%,0%,3%
1146840,1,0,0,0,2,0,0,5,0,0,3,11,5425,13,691.25,1.18,417.31,12.74,33%,64%,4%,0%,0%,58%,0%,0%,0%,0%,1%,40.60%,24%,76%,0%,0%,24%,1%,1%,58%,11%,0%,0%,1%,0%,0%,3%
1146930,1,0,0,0,2,0,0,5,0,0,3,10,5575,25,1239.5,2.5,223,22.23,100%,0%,0%,5%,0%,0%,0%,27%,0%,0%,0%,67.70%,96%,4%,0%,0%,51%,7%,8%,0%,0%,7%,0%,0%,27%,0%,0%
1146970,2,3,10,2,3,5,5,3,1,34,5,20,8500,36,1331.5,1.8,236.11,15.66,93%,3%,5%,11%,0%,1%,7%,0%,0%,0%,10%,71.50%,83%,17%,0%,0%,19%,28%,0%,34%,19%,0%,0%,0%,0%,0%,0%
1147250,1,3,12,2,3,5,4,2,1,26,2,8,9450,17,1161,2.13,555.88,12.29,100%,0%,0%,84%,0%,0%,0%,0%,0%,0%,0%,15.90%,24%,70%,0%,6%,90%,0%,2%,0%,0%,8%,0%,0%,0%,0%,0%
1147390,1,3,17,2,3,9,4,2,1,45,3,9,28800,25,3970.5,2.78,1152,13.79,100%,0%,0%,0%,0%,39%,0%,0%,54%,0%,0%,7.00%,5%,93%,0%,2%,2%,0%,0%,45%,0%,0%,54%,0%,0%,0%,0%
1147430,2,3,10,2,2,5,4,3,1,15,2,18,12700,33,1050,1.83,384.85,8.27,91%,9%,0%,5%,0%,0%,0%,0%,0%,0%,0%,95.30%,16%,13%,0%,71%,89%,0%,0%,0%,11%,0%,0%,0%,0%,0%,0%
1147500,3,3,10,2,3,6,5,2,1,23,3,13,14525,28,1607,2.15,518.75,11.06,90%,6%,4%,6%,0%,1%,0%,0%,0%,0%,0%,93.30%,8%,89%,3%,0%,92%,6%,0%,1%,0%,0%,0%,1%,0%,0%,0%
1147580,1,3,10,2,2,5,3,1,1,47,2,14,6725,22,1191.75,1.57,305.68,17.72,89%,11%,0%,9%,0%,0%,0%,0%,0%,0%,0%,91.10%,89%,11%,0%,0%,62%,4%,0%,0%,7%,19%,7%,0%,0%,0%,0%
1147590,2,3,10,2,2,5,4,3,1,16,3,12,7625,21,1170,1.75,363.1,15.34,100%,0%,0%,6%,31%,0%,0%,0%,0%,0%,0%,62.60%,69%,0%,31%,0%,12%,0%,0%,0%,0%,52%,0%,4%,0%,31%,0%
1147670,1,2,10,2,4,5,10,3,1,19,2,3,12300,20,1213.5,6.67,615,9.87,100%,0%,0%,0%,0%,0%,0%,0%,0%,89%,0%,11.40%,11%,89%,0%,0%,0%,0%,89%,0%,11%,0%,0%,0%,0%,0%,0%
1147700,2,1,4,2,2,5,4,3,1,27,4,18,13085,19,1849.5,1.06,688.68,14.13,84%,16%,0%,15%,0%,5%,0%,0%,3%,0%,0%,76.50%,53%,42%,0%,5%,22%,11%,3%,9%,0%,0%,3%,1%,0%,0%,51%
1147740,1,3,5,2,2,7,4,3,1,22,7,28,11025,44,1603,1.57,250.57,14.54,100%,0%,0%,32%,0%,2%,2%,10%,0%,2%,5%,47.80%,46%,53%,0%,1%,49%,8%,11%,15%,0%,7%,0%,0%,10%,0%,0%
1147820,2,1,4,2,2,7,3,2,1,21,2,13,6825,16,747.5,1.23,426.56,10.95,100%,0%,0%,71%,0%,0%,0%,0%,0%,0%,0%,29.30%,18%,78%,0%,4%,99%,0%,0%,0%,1%,0%,0%,0%,0%,0%,0%
1147850,1,1,4,2,3,6,5,2,1,30,4,11,5200,13,781.5,1.18,400,15.03,100%,0%,0%,9%,0%,6%,0%,0%,0%,13%,0%,72.10%,69%,19%,0%,12%,79%,0%,13%,6%,0%,1%,0%,0%,0%,0%,0%
1147910,1,0,0,0,2,0,0,5,0,0,1,1,500,1,52.5,1,500,10.5,100%,0%,0%,100%,0%,0%,0%,0%,0%,0%,0%,0.00%,0%,100%,0%,0%,100%,0%,0%,0%,0%,0%,0%,0%,0%,0%,0%
1147940,2,3,10,2,2,5,5,1,1,11,4,18,6050,26,921.5,1.44,232.69,15.23,96%,4%,0%,3%,0%,6%,0%,9%,0%,0%,0%,81.80%,26%,68%,3%,2%,6%,0%,0%,77%,0%,0%,0%,5%,9%,3%,0%
1147960,3,3,10,2,2,4,5,1,1,15,7,24,6500,35,715.5,1.46,185.71,11.01,92%,5%,2%,22%,12%,8%,3%,0%,0%,6%,7%,42.70%,20%,60%,14%,6%,43%,10%,17%,8%,6%,0%,0%,2%,0%,14%,0%
1148010,2,1,13,2,2,4,4,1,1,19,4,6,8300,15,2766,2.5,553.33,33.33,100%,0%,0%,13%,0%,4%,0%,0%,5%,0%,0%,78.30%,84%,16%,0%,0%,13%,0%,0%,4%,0%,78%,5%,0%,0%,0%,0%
1148070,2,3,10,2,2,4,5,2,0,12,2,4,6325,17,754.5,4.25,372.06,11.93,80%,0%,20%,0%,2%,0%,0%,0%,0%,0%,0%,97.60%,63%,35%,2%,0%,0%,35%,63%,0%,0%,0%,0%,0%,0%,2%,0%
1148140,3,2,10,2,2,6,3,1,1,30,4,14,7200,17,921,1.21,423.53,12.79,92%,3%,5%,26%,0%,7%,0%,0%,0%,19%,0%,47.20%,38%,62%,0%,0%,47%,9%,37%,7%,0%,0%,0%,0%,0%,0%,0%
1148150,1,1,4,2,2,7,8,3,1,36,3,10,7300,14,806.5,1.4,521.43,11.05,100%,0%,0%,23%,0%,0%,0%,0%,0%,63%,0%,14.40%,12%,84%,0%,4%,31%,0%,63%,4%,0%,0%,0%,2%,0%,0%,0%
1148180,1,1,8,2,2,5,3,2,0,19,6,15,9300,19,1329.5,1.27,489.47,14.3,100%,0%,0%,24%,0%,10%,0%,2%,0%,4%,3%,56.70%,35%,60%,0%,4%,78%,6%,4%,10%,0%,0%,0%,0%,2%,0%,0%
1148250,1,3,5,2,2,5,4,3,1,28,2,12,7925,17,774.5,1.42,466.18,9.77,97%,3%,0%,54%,0%,0%,0%,0%,0%,0%,0%,45.70%,7%,56%,0%,38%,97%,0%,0%,3%,0%,0%,0%,0%,0%,0%,0%
1148280,2,0,0,0,2,0,0,5,0,0,4,5,2300,5,255.5,1,460,11.11,87%,13%,0%,35%,0%,13%,0%,0%,0%,0%,10%,42.40%,10%,48%,0%,42%,77%,10%,0%,13%,0%,0%,0%,0%,0%,0%,0%
1148330,3,3,10,2,2,7,4,3,1,14,2,2,4825,14,793.5,7,344.64,16.45,100%,0%,0%,21%,0%,0%,0%,0%,0%,0%,0%,79.30%,79%,21%,0%,0%,21%,0%,0%,79%,0%,0%,0%,0%,0%,0%,0%
1148380,2,3,10,2,2,9,5,1,1,16,5,16,5950,18,715,1.13,330.56,12.02,100%,0%,0%,11%,0%,4%,50%,3%,0%,0%,0%,32.80%,17%,83%,0%,0%,87%,0%,4%,4%,3%,0%,0%,0%,3%,0%,0%
1148460,1,1,4,2,2,7,8,3,1,32,2,4,12300,16,1277,4,768.75,10.38,100%,0%,0%,0%,0%,0%,76%,0%,0%,0%,0%,23.60%,0%,100%,0%,0%,100%,0%,0%,0%,0%,0%,0%,0%,0%,0%,0%
1148480,2,1,10,2,2,5,4,1,1,17,2,9,5550,24,870.5,2.67,231.25,15.68,100%,0%,0%,40%,0%,0%,0%,0%,0%,0%,0%,60.40%,37%,63%,0%,0%,79%,0%,0%,0%,0%,0%,0%,21%,0%,0%,0%
1150090,3,1,10,2,4,5,2,4,1,12,3,9,6275,26,688.5,2.89,241.35,10.97,95%,0%,5%,0%,0%,0%,72%,0%,0%,10%,0%,18.70%,6%,92%,0%,2%,78%,0%,16%,0%,5%,2%,0%,0%,0%,0%,0%
1150100,1,1,4,2,4,5,6,4,1,35,5,20,10892,23,1286.61,1.15,473.57,11.81,86%,14%,0%,44%,0%,0%,0%,4%,2%,3%,0%,47.00%,19%,81%,0%,0%,62%,10%,3%,6%,2%,2%,2%,0%,4%,0%,9%
1150350,1,2,6,2,4,5,4,4,1,24,1,4,11775,34,1470.5,8.5,346.32,12.49,94%,0%,6%,0%,0%,0%,0%,0%,0%,0%,0%,100.00%,45%,55%,0%,1%,1%,4%,55%,0%,41%,0%,0%,0%,0%,0%,0%
1150380,2,1,10,2,2,7,5,1,1,43,7,42,21925,70,2715.5,1.67,313.21,12.39,93%,7%,0%,0%,5%,4%,2%,1%,0%,2%,1%,84.70%,34%,60%,5%,0%,5%,52%,19%,7%,5%,0%,0%,5%,1%,5%,0%
1150400,3,3,10,2,4,4,4,4,2,20,5,24,12100,50,1578.5,2.08,242,13.05,80%,17%,4%,5%,0%,0%,7%,2%,11%,0%,0%,75.40%,52%,45%,2%,2%,33%,11%,4%,0%,32%,4%,11%,0%,3%,2%,0%
1150490,2,3,10,2,4,5,4,4,1,27,5,22,7850,43,1305,1.95,182.56,16.62,100%,0%,0%,24%,4%,0%,0%,12%,0%,0%,7%,52.90%,54%,42%,4%,0%,31%,38%,0%,0%,4%,7%,0%,0%,14%,4%,2%
1150620,1,1,10,2,4,5,5,4,1,39,3,20,10375,37,1431.5,1.85,280.41,13.8,71%,27%,1%,0%,0%,10%,3%,0%,0%,0%,0%,87.00%,10%,90%,0%,0%,7%,17%,3%,71%,2%,1%,0%,0%,0%,0%,0%
1150720,2,1,15,2,4,5,2,4,1,17,3,16,7175,38,761,2.38,188.82,10.61,81%,12%,7%,0%,0%,1%,0%,2%,0%,0%,0%,96.90%,46%,2%,0%,52%,53%,1%,36%,8%,0%,0%,0%,0%,2%,0%,0%
1150750,1,3,10,2,4,5,4,4,1,26,4,17,7225,32,1123,1.88,225.78,15.54,48%,46%,6%,8%,0%,48%,7%,0%,0%,0%,0%,37.00%,35%,65%,0%,0%,27%,3%,0%,67%,0%,0%,0%,0%,0%,0%,2%
1150910,1,1,4,2,4,5,5,4,1,39,4,13,14000,29,2693,2.23,482.76,19.24,100%,0%,0%,83%,4%,0%,0%,1%,0%,0%,0%,12.30%,81%,14%,4%,0%,85%,0%,1%,0%,0%,6%,0%,3%,1%,4%,0%
1150950,1,3,10,2,4,5,4,4,1,21,3,17,16725,61,2515.5,3.59,274.18,15.04,91%,6%,3%,0%,0%,46%,0%,0%,0%,0%,4%,49.80%,44%,49%,0%,7%,6%,7%,0%,64%,23%,0%,0%,0%,0%,0%,0%
1150970,2,3,10,2,4,5,4,4,1,15,6,18,23450,44,1991,2.44,532.95,8.49,99%,1%,0%,0%,44%,1%,2%,1%,0%,0%,0%,51.30%,3%,52%,46%,0%,4%,46%,1%,1%,0%,0%,0%,0%,1%,46%,0%
1151040,1,1,13,2,4,5,2,4,1,15,6,21,6975,31,864,1.48,225,12.39,100%,0%,0%,9%,0%,0%,26%,2%,0%,3%,2%,58.10%,28%,72%,0%,0%,78%,2%,11%,6%,0%,0%,0%,0%,2%,0%,0%
1151170,2,3,10,2,4,5,4,4,1,13,5,10,9325,22,1037.5,2.2,423.86,11.13,100%,0%,0%,80%,3%,0%,2%,3%,0%,0%,0%,11.00%,6%,89%,3%,2%,90%,0%,2%,2%,0%,0%,0%,1%,3%,3%,0%
1151190,1,0,0,0,4,0,0,5,0,0,3,7,2275,7,419,1,325,18.42,97%,0%,3%,0%,0%,23%,0%,0%,0%,40%,0%,37.40%,37%,63%,0%,0%,0%,0%,40%,43%,0%,18%,0%,0%,0%,0%,0%
1151290,1,3,10,2,4,7,4,4,2,30,3,30,6835,31,1118.75,1.03,220.48,16.37,84%,16%,0%,0%,0%,2%,0%,0%,2%,0%,0%,95.60%,87%,13%,0%,0%,59%,0%,10%,23%,0%,0%,4%,0%,1%,0%,3%
1151420,2,1,4,2,4,7,4,4,1,16,2,17,7935,25,903.65,1.47,317.4,11.39,45%,48%,6%,0%,0%,17%,0%,0%,0%,0%,0%,83.00%,63%,26%,0%,11%,65%,6%,0%,23%,0%,3%,0%,0%,0%,0%,3%
1151460,1,0,0,0,4,0,0,5,0,0,1,2,1125,3,216,1.5,375,19.2,100%,0%,0%,0%,0%,0%,0%,0%,0%,0%,0%,100.00%,100%,0%,0%,0%,100%,0%,0%,0%,0%,0%,0%,0%,0%,0%,0%
1151510,2,3,9,2,4,8,2,4,1,35,6,25,6650,33,933,1.32,201.52,14.03,93%,0%,7%,23%,2%,3%,0%,1%,1%,0%,0%,69.50%,44%,53%,2%,0%,42%,0%,7%,30%,0%,0%,7%,1%,7%,2%,5%
1151600,1,3,8,2,4,7,3,4,1,24,4,19,8775,54,995.5,2.84,162.5,11.34,100%,0%,0%,30%,0%,3%,0%,0%,0%,1%,0%,66.70%,45%,50%,0%,5%,50%,0%,5%,6%,39%,0%,0%,0%,0%,0%,0%
1151760,2,1,4,2,4,5,5,4,1,28,5,17,19525,18,1989.5,1.06,1084.72,10.19,99%,1%,0%,2%,26%,6%,0%,1%,0%,0%,0%,65.30%,12%,62%,26%,0%,20%,0%,0%,6%,0%,2%,0%,0%,1%,26%,45%
1151830,1,1,10,2,4,7,8,4,1,4,4,20,26625,47,2969,2.35,566.49,11.15,69%,1%,30%,76%,0%,1%,0%,0%,0%,1%,0%,22.40%,10%,90%,0%,0%,87%,0%,4%,8%,1%,0%,0%,0%,0%,0%,0%
1152040,3,1,4,2,4,5,2,4,1,18,5,23,13100,39,1534.5,1.7,335.9,11.71,100%,0%,0%,26%,0%,14%,0%,1%,0%,0%,1%,58.60%,27%,59%,0%,14%,61%,1%,0%,17%,18%,2%,0%,0%,1%,0%,0%
1152050,1,1,4,2,4,5,4,4,1,46,6,35,9275,40,1334.75,1.14,231.88,14.39,71%,16%,13%,9%,0%,2%,0%,5%,5%,0%,4%,75.20%,65%,34%,0%,1%,36%,12%,19%,11%,4%,2%,5%,0%,8%,0%,5%
1152170,1,3,10,2,4,7,2,4,1,33,2,13,9200,38,1899,2.92,242.11,20.64,100%,0%,0%,67%,0%,0%,0%,0%,0%,0%,0%,33.20%,65%,35%,0%,0%,72%,5%,0%,0%,0%,23%,0%,0%,0%,0%,0%
1152230,2,3,9,2,4,6,4,4,1,34,4,30,27345,73,3860.25,2.43,374.59,14.12,96%,0%,4%,4%,0%,0%,0%,1%,0%,0%,2%,93.30%,80%,20%,0%,0%,15%,25%,58%,0%,0%,0%,0%,0%,2%,0%,0%
1152360,1,0,0,0,4,0,0,5,0,0,4,10,3350,15,569.5,1.5,223.33,17,100%,0%,0%,66%,0%,0%,0%,9%,0%,0%,2%,22.40%,76%,24%,0%,0%,66%,2%,7%,4%,0%,11%,0%,0%,9%,0%,0%
1155080,1,3,10,2,3,7,4,4,2,25,6,21,7550,29,970.75,1.38,260.34,12.86,74%,12%,15%,3%,4%,0%,0%,10%,4%,5%,0%,73.80%,41%,55%,4%,0%,26%,0%,5%,4%,0%,6%,4%,0%,16%,4%,34%
1155110,1,1,10,2,3,7,4,4,1,42,5,57,8650,70,929,1.23,123.57,10.74,90%,7%,3%,2%,0%,0%,2%,0%,0%,2%,5%,87.90%,29%,59%,0%,12%,64%,17%,8%,0%,1%,1%,6%,0%,0%,0%,3%
1155150,2,1,4,2,4,5,5,4,1,44,1,8,13325,17,1683.5,2.13,783.82,12.63,77%,3%,20%,0%,0%,0%,0%,0%,0%,0%,0%,100.00%,90%,10%,0%,0%,0%,0%,99%,0%,1%,0%,0%,0%,0%,0%,0%
1155250,2,1,10,2,4,5,4,4,1,30,3,19,5825,25,807.5,1.32,233,13.86,90%,0%,10%,3%,0%,0%,0%,0%,0%,0%,3%,94.00%,78%,22%,0%,0%,42%,19%,39%,0%,0%,0%,0%,0%,0%,0%,0%
1155270,1,1,5,2,3,5,4,4,1,15,4,13,8800,27,1005,2.08,325.93,11.42,95%,0%,5%,62%,3%,0%,0%,0%,4%,0%,0%,30.40%,6%,90%,3%,0%,88%,0%,0%,3%,0%,1%,4%,0%,0%,3%,0%
1155360,2,0,0,0,3,0,0,5,0,0,3,22,4910,30,917.5,1.36,163.67,18.69,71%,0%,29%,0%,0%,0%,0%,38%,0%,0%,6%,55.70%,94%,6%,0%,0%,7%,6%,6%,12%,31%,0%,0%,0%,38%,0%,0%
1155380,1,2,4,2,3,7,4,2,1,29,5,25,7450,46,1030,1.84,161.96,13.83,96%,3%,1%,40%,0%,0%,0%,0%,1%,4%,15%,39.90%,45%,54%,0%,1%,61%,16%,5%,2%,0%,14%,2%,0%,0%,0%,0%
1155460,1,1,13,1,4,5,4,4,1,20,4,25,10150,30,1422.5,1.2,338.33,14.01,80%,13%,7%,0%,0%,9%,0%,5%,4%,0%,0%,81.50%,75%,19%,0%,6%,33%,0%,31%,24%,0%,0%,4%,0%,7%,0%,1%
1155550,2,1,10,2,4,8,4,4,1,38,4,28,8460,32,1325,1.14,264.38,15.66,82%,5%,12%,14%,0%,12%,0%,0%,5%,0%,0%,68.10%,54%,43%,0%,2%,42%,3%,16%,21%,3%,0%,5%,0%,0%,0%,10%
1155580,1,1,10,2,4,5,3,4,1,18,3,9,5475,25,674,2.78,219,12.31,75%,19%,5%,0%,0%,36%,0%,0%,0%,53%,0%,11.40%,7%,93%,0%,0%,1%,0%,53%,46%,0%,0%,0%,0%,0%,0%,0%
1155680,1,0,0,0,3,0,0,5,0,0,3,21,11975,33,1521.5,1.57,362.88,12.71,85%,3%,12%,0%,0%,1%,0%,0%,0%,0%,5%,93.70%,21%,79%,0%,0%,11%,73%,0%,3%,13%,0%,0%,1%,0%,0%,0%
1155700,3,0,0,0,3,0,0,5,0,0,1,1,225,1,42,1,225,18.67,100%,0%,0%,100%,0%,0%,0%,0%,0%,0%,0%,0.00%,100%,0%,0%,0%,100%,0%,0%,0%,0%,0%,0%,0%,0%,0%,0%
1155740,2,1,4,2,3,7,5,2,1,13,3,4,12500,25,1310.5,6.25,500,10.48,100%,0%,0%,90%,0%,0%,0%,0%,0%,3%,0%,6.40%,0%,100%,0%,0%,97%,0%,3%,0%,0%,0%,0%,0%,0%,0%,0%
1155820,1,3,10,2,4,5,5,4,1,44,4,25,31125,63,6365,2.52,494.05,20.45,82%,9%,9%,22%,0%,0%,0%,28%,0%,0%,3%,47.80%,88%,11%,0%,0%,36%,3%,0%,0%,0%,25%,0%,0%,30%,0%,5%
1155870,1,3,4,2,4,8,5,2,1,22,5,27,9200,47,1906,1.74,195.74,20.72,97%,0%,3%,4%,0%,0%,0%,22%,1%,0%,24%,48.90%,97%,3%,0%,0%,8%,40%,2%,2%,0%,7%,1%,2%,36%,0%,4%
1155960,1,1,10,2,4,7,3,4,1,19,1,2,600,2,72,1,300,12,100%,0%,0%,0%,0%,0%,0%,0%,0%,0%,0%,100.00%,100%,0%,0%,0%,0%,0%,100%,0%,0%,0%,0%,0%,0%,0%,0%
1156020,1,3,10,2,3,7,5,2,1,25,7,62,10320,75,1537.1,1.21,137.6,14.89,85%,2%,13%,5%,3%,1%,0%,0%,3%,4%,5%,79.20%,68%,28%,3%,2%,40%,13%,4%,7%,8%,0%,3%,3%,0%,3%,20%
1156100,2,1,10,2,4,6,12,2,1,25,5,33,23325,45,2599,1.36,518.33,11.14,100%,0%,0%,10%,0%,3%,28%,0%,0%,8%,0%,51.90%,12%,88%,0%,0%,63%,3%,11%,21%,0%,0%,0%,0%,0%,0%,3%
1156150,1,1,4,2,2,7,4,2,1,19,6,27,11000,36,1232.25,1.33,305.56,11.2,99%,1%,0%,30%,7%,1%,4%,1%,0%,0%,0%,56.60%,19%,58%,7%,16%,66%,0%,4%,16%,1%,4%,0%,0%,1%,7%,1%
1156220,3,0,0,0,3,0,0,5,0,0,4,15,10825,25,819.5,1.67,433,7.57,100%,0%,0%,0%,69%,0%,4%,0%,0%,1%,0%,26.10%,16%,15%,69%,0%,5%,6%,14%,0%,6%,0%,0%,0%,0%,69%,0%
1156240,2,3,10,2,3,5,4,4,1,19,7,34,9800,46,1349.5,1.35,213.04,13.77,76%,21%,3%,13%,0%,5%,0%,2%,2%,2%,5%,71.40%,52%,48%,0%,0%,20%,6%,3%,18%,0%,8%,2%,2%,2%,0%,38%
1156290,1,3,10,2,3,7,4,2,1,38,3,15,9825,27,1036.5,1.8,363.89,10.55,89%,0%,11%,0%,0%,0%,28%,0%,5%,0%,0%,66.90%,3%,97%,0%,0%,83%,0%,3%,0%,0%,0%,15%,0%,0%,0%,0%
1156520,1,1,5,2,3,8,4,2,1,19,4,18,10850,40,1397.5,2.22,271.25,12.88,94%,6%,0%,56%,0%,6%,0%,0%,1%,0%,0%,36.20%,16%,84%,0%,0%,78%,0%,3%,12%,0%,3%,1%,0%,0%,0%,2%
1156690,1,1,15,2,3,8,4,3,1,33,3,16,3700,23,491.5,1.44,160.87,13.28,100%,0%,0%,0%,0%,4%,0%,0%,2%,0%,0%,93.90%,74%,26%,0%,0%,27%,0%,49%,22%,0%,0%,2%,0%,0%,0%,0%
1156770,1,1,8,2,3,5,4,2,1,25,1,4,8950,22,1701,5.5,406.82,19.01,100%,0%,0%,0%,0%,0%,0%,0%,0%,0%,0%,100.00%,100%,0%,0%,0%,97%,0%,3%,0%,0%,0%,0%,0%,0%,0%,0%
1156780,2,0,0,0,3,0,0,5,0,0,3,4,1500,4,214,1,375,14.27,90%,0%,10%,57%,0%,0%,0%,0%,0%,0%,10%,33.30%,40%,60%,0%,0%,90%,10%,0%,0%,0%,0%,0%,0%,0%,0%,0%
1156840,1,0,0,0,3,0,0,5,0,0,3,9,2100,10,235,1.11,210,11.19,89%,11%,0%,0%,0%,32%,10%,0%,0%,0%,0%,58.30%,18%,68%,0%,14%,64%,0%,0%,36%,0%,0%,0%,0%,0%,0%,0%
1156880,2,3,10,2,4,5,9,2,1,21,6,22,13750,34,1740,1.55,404.41,12.65,95%,5%,0%,18%,0%,2%,0%,1%,2%,0%,3%,74.50%,39%,35%,0%,26%,64%,13%,1%,19%,0%,0%,2%,0%,1%,0%,0%
1156970,2,1,10,2,3,6,3,4,2,26,5,26,10175,35,1481.5,1.35,290.71,14.56,57%,36%,7%,3%,0%,38%,6%,0%,0%,0%,1%,52.10%,28%,72%,0%,0%,13%,8%,16%,59%,4%,0%,0%,0%,0%,0%,0%
1156990,1,0,0,0,3,0,0,5,0,0,3,3,525,3,112.5,1,175,21.43,100%,0%,0%,0%,0%,0%,0%,14%,14%,0%,0%,71.40%,86%,14%,0%,0%,0%,0%,0%,0%,0%,0%,14%,0%,86%,0%,0%
1157070,3,3,16,2,4,2,6,1,1,10,3,13,6500,17,727.5,1.31,382.35,11.19,100%,0%,0%,12%,0%,0%,14%,0%,0%,0%,0%,74.20%,31%,23%,0%,46%,60%,12%,10%,15%,3%,0%,0%,0%,0%,0%,0%
1157120,2,2,10,2,3,4,5,4,1,18,4,13,13400,24,1655.25,1.85,558.33,12.35,93%,4%,2%,57%,0%,4%,0%,10%,0%,0%,0%,28.70%,11%,89%,0%,0%,84%,1%,0%,4%,0%,0%,0%,0%,10%,0%,0%
1157180,2,3,12,2,3,7,3,2,1,35,4,39,11330,54,2085.4,1.38,209.81,18.41,76%,19%,6%,9%,0%,5%,0%,0%,1%,0%,0%,84.80%,74%,24%,1%,1%,16%,2%,1%,26%,14%,33%,1%,6%,0%,0%,1%
1157190,1,1,5,2,3,7,4,4,1,24,5,16,5200,22,789.75,1.38,236.36,15.19,61%,39%,0%,3%,0%,20%,0%,6%,36%,0%,0%,35.10%,29%,71%,0%,0%,20%,0%,6%,25%,0%,6%,36%,0%,6%,0%,2%
1157250,3,1,10,2,4,5,4,4,1,12,4,15,9400,25,1127.5,1.67,376,11.99,92%,3%,5%,10%,0%,0%,40%,0%,0%,0%,14%,35.10%,22%,78%,0%,0%,51%,42%,4%,0%,1%,0%,0%,0%,0%,0%,2%
1157310,2,3,10,2,3,6,4,2,1,31,3,8,4025,24,780,3,167.71,19.38,81%,0%,19%,0%,0%,0%,0%,4%,0%,0%,78%,18.00%,100%,0%,0%,0%,2%,78%,6%,0%,0%,7%,0%,0%,4%,0%,4%
1157320,3,1,10,2,3,5,4,3,1,41,7,27,6550,42,852.5,1.56,155.95,13.02,65%,13%,22%,12%,0%,1%,6%,7%,0%,3%,2%,68.30%,34%,60%,0%,6%,60%,2%,8%,11%,11%,0%,1%,0%,7%,0%,0%
1157360,2,3,10,2,3,5,6,2,1,24,3,7,8125,12,1419,1.71,677.08,17.46,100%,0%,0%,72%,0%,0%,0%,0%,0%,7%,0%,20.60%,93%,7%,0%,0%,72%,17%,11%,0%,0%,0%,0%,0%,0%,0%,0%
1157420,2,0,0,0,3,0,0,5,0,0,5,20,16175,30,1702,1.5,539.17,10.52,100%,0%,0%,18%,32%,3%,0%,0%,0%,0%,1%,46.10%,18%,51%,32%,0%,50%,8%,0%,4%,1%,6%,0%,0%,0%,32%,0%
1157460,1,1,4,2,3,5,4,2,1,38,4,8,4700,11,573,1.38,427.27,12.19,100%,0%,0%,10%,0%,0%,43%,0%,19%,0%,0%,28.70%,26%,74%,0%,0%,65%,0%,10%,0%,6%,0%,19%,0%,0%,0%,0%
1157490,2,3,10,2,3,5,3,2,1,16,3,11,6075,19,861.5,1.73,319.74,14.18,81%,19%,0%,0%,0%,9%,0%,0%,67%,0%,0%,24.70%,18%,75%,7%,0%,4%,0%,0%,17%,0%,0%,67%,6%,0%,7%,0%
1157500,1,1,4,2,3,7,4,2,2,17,4,13,6900,16,624,1.23,431.25,9.04,100%,0%,0%,41%,24%,0%,0%,0%,0%,20%,0%,15.20%,0%,76%,24%,0%,41%,9%,20%,0%,0%,0%,0%,0%,0%,24%,7%
1157580,1,1,4,2,3,7,8,1,1,38,1,12,40400,16,3109,1.33,2525,7.7,100%,0%,0%,0%,0%,0%,0%,0%,0%,0%,0%,100.00%,12%,12%,0%,76%,94%,0%,0%,0%,0%,0%,0%,0%,0%,0%,6%
1157610,1,1,4,2,3,7,4,2,1,32,3,8,7875,13,853,1.63,605.77,10.83,89%,11%,0%,77%,0%,0%,0%,0%,0%,3%,0%,21.00%,7%,93%,0%,0%,97%,0%,3%,0%,0%,0%,0%,0%,0%,0%,0%
1157640,1,1,4,2,3,7,7,4,1,37,3,13,17575,39,1705,3,450.64,9.7,100%,0%,0%,48%,26%,0%,0%,0%,0%,0%,0%,25.70%,12%,61%,28%,0%,61%,0%,0%,0%,9%,3%,0%,0%,0%,28%,0%
1157670,2,1,4,2,3,5,5,2,1,16,6,21,8965,27,998.5,1.29,332.04,11.14,92%,8%,0%,29%,0%,3%,13%,1%,0%,0%,2%,51.80%,19%,52%,0%,29%,81%,5%,0%,6%,2%,5%,0%,0%,1%,0%,0%
1157700,1,2,4,2,2,6,3,2,2,21,2,7,6600,15,647.9,2.14,440,9.82,100%,0%,0%,20%,0%,0%,0%,0%,0%,0%,0%,80.30%,5%,95%,0%,0%,48%,0%,0%,0%,0%,0%,0%,0%,0%,0%,52%
1157730,2,1,4,2,3,7,7,2,1,20,7,29,12550,41,1478.5,1.41,306.1,11.78,96%,4%,0%,29%,4%,11%,6%,1%,0%,0%,3%,46.40%,16%,71%,4%,10%,44%,22%,0%,15%,2%,2%,0%,0%,1%,4%,11%
1157780,1,3,10,2,4,8,6,2,1,45,2,4,6300,10,744,2.5,630,11.81,100%,0%,0%,86%,0%,0%,0%,0%,0%,0%,0%,14.30%,14%,86%,0%,0%,93%,0%,0%,7%,0%,0%,0%,0%,0%,0%,0%
1157830,1,1,13,2,3,7,4,2,1,33,4,12,3750,15,506.5,1.25,250,13.51,47%,46%,7%,32%,0%,18%,0%,0%,0%,11%,0%,39.30%,29%,71%,0%,0%,44%,0%,11%,31%,0%,8%,0%,6%,0%,0%,0%
1157860,2,1,5,2,2,3,4,3,1,17,4,9,2675,11,290.5,1.22,243.18,10.86,66%,0%,34%,19%,50%,0%,0%,0%,0%,0%,3%,28.00%,31%,19%,50%,0%,47%,3%,0%,0%,0%,0%,0%,0%,0%,50%,0%
1157870,1,3,5,2,3,4,6,2,1,26,4,22,18200,39,2290.75,1.77,466.67,12.59,99%,1%,0%,31%,1%,0%,0%,0%,0%,0%,20%,48.20%,34%,65%,1%,0%,45%,25%,26%,3%,0%,1%,0%,0%,0%,1%,0%
1157910,1,1,5,2,4,7,4,4,1,32,1,1,6700,14,703.5,14,478.57,10.5,100%,0%,0%,0%,0%,0%,100%,0%,0%,0%,0%,0.00%,0%,100%,0%,0%,100%,0%,0%,0%,0%,0%,0%,0%,0%,0%,0%
1157950,1,3,10,2,3,8,4,2,2,25,5,24,4750,34,576,1.42,139.71,12.13,84%,6%,9%,6%,3%,0%,0%,0%,2%,29%,0%,59.50%,33%,64%,3%,0%,29%,0%,52%,2%,13%,0%,2%,0%,0%,3%,0%
1158030,2,0,0,0,3,0,0,5,0,0,2,3,1225,4,133,1.33,306.25,10.86,100%,0%,0%,73%,0%,0%,0%,0%,0%,0%,0%,26.50%,27%,73%,0%,0%,73%,0%,18%,0%,8%,0%,0%,0%,0%,0%,0%
1158080,3,0,0,0,3,0,0,5,0,0,3,3,750,3,57.5,1,250,7.67,100%,0%,0%,27%,60%,0%,0%,0%,0%,0%,0%,13.30%,13%,27%,60%,0%,27%,0%,0%,0%,13%,0%,0%,0%,0%,60%,0%
1158120,2,1,4,2,2,8,4,4,1,18,6,13,6250,18,699.5,1.38,347.22,11.19,96%,4%,0%,40%,7%,13%,10%,0%,5%,0%,0%,25.20%,8%,75%,7%,10%,66%,0%,0%,22%,0%,0%,5%,0%,0%,7%,0%
1158130,1,3,12,2,3,5,6,2,1,13,4,9,6975,12,758.5,1.33,581.25,10.87,97%,3%,0%,52%,0%,3%,0%,2%,0%,0%,0%,43.00%,2%,98%,0%,0%,95%,0%,0%,3%,0%,0%,0%,0%,2%,0%,0%
1158220,1,1,10,2,3,7,5,3,1,23,3,5,6325,16,826.5,3.2,395.31,13.07,100%,0%,0%,12%,0%,0%,0%,0%,76%,0%,0%,12.30%,5%,95%,0%,0%,14%,0%,0%,0%,0%,0%,86%,0%,0%,0%,0%
1160050,2,1,10,2,2,7,3,1,1,24,6,22,4100,32,594.5,1.45,128.13,14.5,96%,0%,4%,20%,0%,0%,2%,2%,0%,2%,4%,70.10%,40%,60%,0%,0%,48%,9%,37%,0%,0%,0%,0%,2%,2%,0%,2%
1160140,3,3,10,2,4,5,4,2,2,12,4,31,7915,51,1021.2,1.65,155.2,12.9,74%,24%,2%,13%,0%,0%,0%,0%,0%,9%,2%,76.60%,49%,39%,0%,12%,28%,3%,22%,15%,20%,0%,3%,0%,9%,0%,0%
1160280,1,1,4,2,4,5,7,4,0,15,6,29,11825,39,1437.25,1.34,303.21,12.15,100%,0%,0%,19%,22%,16%,0%,2%,0%,5%,0%,37.00%,23%,55%,22%,0%,40%,3%,7%,24%,3%,0%,0%,0%,2%,22%,0%
1160330,2,3,10,2,4,5,5,2,1,27,6,61,15725,82,2191,1.34,191.77,13.93,91%,4%,5%,9%,0%,0%,0%,0%,1%,4%,6%,79.70%,60%,38%,0%,2%,28%,22%,27%,12%,2%,5%,3%,0%,0%,0%,1%
1160540,1,1,10,2,3,7,6,4,1,24,4,13,14925,26,2101,2,574.04,14.08,48%,47%,5%,0%,0%,26%,0%,1%,2%,0%,0%,71.90%,6%,94%,0%,0%,2%,14%,0%,80%,0%,0%,2%,0%,1%,0%,2%
1160600,3,3,10,2,4,4,4,1,1,21,2,11,17275,31,1800,2.82,557.26,10.42,100%,0%,0%,4%,0%,0%,0%,0%,0%,0%,0%,95.90%,8%,92%,0%,0%,92%,0%,0%,0%,8%,0%,0%,0%,0%,0%,0%
1160660,2,1,10,2,4,5,2,4,2,12,4,12,7400,26,585.5,2.17,284.62,7.91,96%,0%,4%,0%,4%,0%,11%,0%,0%,4%,0%,81.10%,4%,92%,4%,0%,11%,0%,4%,0%,0%,0%,0%,0%,4%,4%,77%
1160890,1,1,4,2,4,5,4,4,1,21,2,8,8600,23,1134.5,2.88,373.91,13.19,93%,0%,7%,77%,0%,0%,0%,0%,0%,0%,0%,23.30%,14%,86%,0%,0%,90%,0%,0%,0%,2%,7%,0%,1%,0%,0%,0%
1161010,2,1,4,2,4,7,4,4,1,1,5,27,11600,39,1313.25,1.44,297.44,11.32,98%,2%,0%,24%,25%,6%,0%,0%,0%,3%,0%,41.80%,19%,56%,25%,0%,39%,15%,3%,12%,3%,4%,0%,0%,0%,25%,0%
1161130,1,1,10,2,2,7,5,1,1,50,5,74,11615,123,2068.75,1.66,94.43,17.81,88%,11%,1%,10%,0%,14%,0%,8%,3%,0%,0%,64.70%,68%,32%,0%,0%,31%,3%,8%,30%,3%,5%,3%,1%,8%,0%,8%
1161270,1,3,10,2,4,5,3,4,1,26,4,4,3875,17,400,4.25,227.94,10.32,100%,0%,0%,8%,0%,0%,0%,0%,0%,83%,8%,1.90%,8%,92%,0%,0%,8%,10%,83%,0%,0%,0%,0%,0%,0%,0%,0%
1161340,2,3,10,2,4,5,2,4,1,30,5,17,2775,17,399,1,163.24,14.38,92%,8%,0%,0%,5%,8%,14%,16%,0%,0%,0%,55.90%,38%,57%,5%,0%,36%,18%,0%,14%,11%,0%,0%,0%,16%,5%,0%
1161390,1,0,0,0,4,0,0,5,0,0,1,1,225,1,58.5,1,225,26,100%,0%,0%,0%,0%,0%,0%,100%,0%,0%,0%,0.00%,100%,0%,0%,0%,0%,0%,0%,0%,0%,0%,0%,0%,100%,0%,0%
1161500,1,3,10,2,4,5,5,4,1,22,7,20,15325,33,2031.5,1.65,464.39,13.26,93%,1%,5%,35%,3%,4%,0%,7%,0%,3%,3%,45.70%,24%,73%,3%,0%,65%,3%,5%,15%,0%,3%,0%,0%,7%,3%,0%
1161750,2,0,0,0,4,0,0,5,0,0,5,22,13075,43,1236.25,1.95,304.07,9.46,98%,2%,0%,22%,17%,2%,14%,0%,0%,0%,0%,45.50%,5%,67%,28%,0%,71%,0%,0%,2%,0%,0%,0%,0%,0%,28%,0%
1161780,1,0,0,0,4,0,0,5,0,0,2,3,825,3,75,1,275,9.09,100%,0%,0%,0%,0%,0%,36%,0%,0%,0%,0%,63.60%,0%,73%,27%,0%,73%,0%,0%,0%,0%,0%,0%,0%,0%,27%,0%
1161880,1,2,10,2,4,4,5,1,1,32,2,11,13175,45,1354,4.09,292.78,10.28,100%,0%,0%,0%,0%,0%,0%,0%,0%,2%,0%,97.70%,22%,65%,0%,13%,78%,1%,2%,3%,15%,0%,0%,0%,0%,0%,0%
1161920,3,3,10,2,4,5,2,4,1,28,4,17,7075,28,949,1.65,252.68,13.41,82%,18%,0%,27%,0%,0%,0%,0%,30%,11%,0%,32.20%,20%,80%,0%,0%,39%,0%,11%,3%,0%,10%,37%,0%,0%,0%,0%
1162150,1,3,10,2,4,5,6,2,2,38,4,24,9750,37,1682.5,1.54,263.51,17.26,78%,13%,9%,33%,0%,0%,0%,0%,7%,0%,4%,56.70%,55%,44%,0%,1%,70%,6%,5%,0%,0%,9%,7%,2%,0%,0%,2%
1162260,2,3,3,2,4,5,6,4,1,26,4,7,9075,27,2065.5,3.86,336.11,22.76,100%,0%,0%,13%,5%,0%,0%,79%,0%,0%,3%,0.00%,82%,13%,5%,0%,13%,3%,0%,0%,0%,0%,0%,0%,79%,5%,0%
1162360,1,1,10,2,4,5,4,4,1,26,5,23,5950,31,811,1.35,191.94,13.63,66%,24%,10%,28%,0%,0%,3%,0%,0%,15%,3%,51.30%,45%,55%,0%,0%,34%,5%,35%,20%,2%,4%,0%,0%,0%,0%,0%
1162440,1,1,10,2,4,5,5,4,1,28,2,6,16500,28,1750.5,4.67,589.29,10.61,92%,0%,8%,84%,0%,0%,0%,0%,0%,0%,0%,15.80%,2%,98%,0%,0%,98%,0%,0%,0%,2%,0%,0%,0%,0%,0%,0%
1162580,1,3,10,2,4,5,5,3,1,41,6,22,9975,26,1561,1.18,383.65,15.65,88%,12%,0%,13%,0%,15%,0%,5%,9%,2%,0%,56.90%,58%,34%,0%,8%,43%,2%,2%,26%,0%,9%,11%,2%,5%,0%,0%
1162600,2,1,12,2,3,7,6,3,2,44,6,29,11825,39,1268,1.34,303.21,10.72,96%,4%,0%,17%,8%,1%,0%,0%,0%,3%,1%,69.60%,17%,76%,8%,0%,59%,5%,3%,6%,2%,6%,0%,0%,1%,8%,10%
1162660,1,1,10,2,4,5,4,4,1,35,6,39,11625,53,1545,1.36,219.34,13.29,66%,33%,1%,14%,0%,6%,7%,0%,14%,0%,6%,51.80%,35%,55%,0%,10%,40%,25%,0%,14%,7%,0%,14%,0%,0%,0%,0%
1162680,3,1,6,2,4,5,2,4,1,12,4,16,3275,20,392.5,1.25,163.75,11.98,64%,25%,11%,0%,0%,0%,0%,5%,0%,6%,2%,87.00%,50%,13%,0%,37%,60%,7%,15%,5%,0%,0%,9%,0%,5%,0%,0%
1162890,1,3,10,2,4,7,5,4,1,35,5,28,7800,44,877.5,1.57,177.27,11.25,92%,5%,3%,14%,0%,1%,0%,3%,0%,13%,0%,69.20%,17%,61%,0%,22%,53%,2%,38%,5%,0%,0%,0%,0%,3%,0%,0%
1162960,2,1,4,2,4,5,6,3,1,23,4,24,5950,29,888,1.21,205.17,14.92,77%,23%,0%,5%,0%,8%,0%,3%,0%,0%,0%,84.50%,61%,22%,0%,17%,58%,0%,4%,14%,7%,8%,0%,0%,7%,0%,3%
1163000,1,3,6,1,4,5,5,2,1,35,3,11,7175,21,817.5,1.91,341.67,11.39,95%,5%,0%,74%,0%,0%,0%,0%,2%,0%,0%,24.00%,14%,86%,0%,0%,89%,0%,2%,7%,0%,0%,2%,0%,0%,0%,0%
1163230,1,3,10,2,4,7,6,3,1,35,3,17,11775,39,2333,2.29,301.92,19.81,87%,4%,9%,14%,0%,0%,0%,1%,0%,0%,0%,84.70%,98%,0%,0%,2%,85%,0%,2%,0%,6%,6%,0%,0%,1%,0%,0%
1163300,1,0,0,0,4,0,0,5,0,0,2,8,2550,9,415,1.13,283.33,16.27,100%,0%,0%,47%,0%,0%,0%,0%,0%,0%,0%,52.90%,39%,61%,0%,0%,71%,14%,0%,0%,0%,16%,0%,0%,0%,0%,0%
1163410,2,3,10,2,4,5,3,4,1,37,6,24,15550,64,1847,2.67,242.97,11.88,95%,0%,5%,5%,0%,1%,38%,6%,0%,17%,0%,33.60%,27%,73%,0%,0%,60%,11%,17%,1%,6%,0%,0%,0%,6%,0%,0%
1163560,1,1,4,2,4,5,2,4,1,16,2,11,2000,17,443,1.55,117.65,22.15,100%,0%,0%,0%,0%,0%,0%,11%,0%,0%,0%,88.80%,100%,0%,0%,0%,68%,0%,0%,6%,0%,15%,0%,0%,11%,0%,0%
1163670,1,3,10,1,4,5,5,3,1,22,6,32,6635,40,971.8,1.25,165.88,14.65,86%,14%,0%,8%,0%,16%,0%,3%,12%,2%,0%,59.30%,48%,52%,0%,0%,40%,0%,6%,19%,12%,2%,12%,1%,3%,0%,4%
1163760,1,1,4,2,4,4,9,1,1,36,9,57,50000,95,6081,1.67,526.32,12.16,95%,5%,0%,22%,4%,4%,2%,2%,2%,12%,1%,51.20%,22%,64%,4%,10%,53%,7%,12%,10%,4%,0%,2%,4%,3%,4%,1%
1163830,1,1,4,2,2,7,4,2,1,49,4,11,3450,14,331,1.27,246.43,9.59,93%,7%,0%,0%,48%,0%,0%,0%,24%,0%,7%,21.70%,11%,41%,48%,0%,11%,13%,0%,4%,0%,0%,24%,0%,0%,48%,0%
1165010,1,0,0,0,4,0,0,5,0,0,5,21,13400,37,2096.5,1.76,362.16,15.65,95%,2%,3%,21%,0%,20%,0%,2%,0%,1%,0%,56.00%,57%,43%,0%,0%,27%,0%,2%,59%,7%,2%,0%,0%,2%,0%,0%
1165070,3,1,10,2,4,5,7,2,1,15,5,13,7975,23,961.5,1.77,346.74,12.06,91%,0%,9%,3%,2%,0%,0%,0%,8%,9%,0%,79.30%,64%,34%,2%,0%,3%,0%,82%,0%,0%,0%,8%,0%,0%,2%,6%
1165090,1,3,10,2,4,5,3,4,1,22,4,15,5800,19,1046,1.27,305.26,18.03,100%,0%,0%,3%,0%,0%,0%,14%,5%,0%,0%,78.00%,75%,23%,0%,2%,35%,16%,23%,0%,0%,0%,5%,0%,21%,0%,0%
1165100,2,1,4,2,4,6,3,4,1,17,5,20,5375,31,761.5,1.55,173.39,14.17,71%,20%,10%,22%,0%,13%,0%,0%,11%,0%,11%,43.30%,38%,62%,0%,0%,30%,14%,29%,13%,0%,0%,11%,0%,0%,0%,3%
1165160,1,0,0,2,4,6,3,4,1,27,3,24,8600,46,1033,1.92,186.96,12.01,71%,20%,9%,0%,2%,18%,0%,0%,0%,0%,0%,79.90%,17%,70%,2%,12%,36%,0%,0%,47%,15%,0%,0%,0%,0%,2%,0%
1165310,1,1,10,2,4,5,2,4,1,25,4,22,4725,26,711.5,1.18,181.73,15.06,98%,2%,0%,17%,0%,2%,0%,0%,0%,4%,0%,76.70%,56%,44%,0%,0%,44%,0%,4%,35%,0%,0%,0%,0%,0%,0%,17%
1165330,2,1,4,2,4,5,4,4,1,31,4,17,14625,28,2035.5,1.65,522.32,13.92,87%,5%,9%,61%,0%,0%,0%,0%,0%,3%,5%,30.90%,47%,53%,0%,0%,70%,10%,3%,1%,1%,11%,0%,0%,0%,0%,4%
1165390,3,1,4,2,4,4,3,4,1,19,5,24,9350,26,928,1.08,359.62,9.93,62%,38%,0%,13%,0%,7%,0%,0%,0%,13%,3%,63.90%,11%,68%,0%,20%,53%,6%,18%,7%,1%,0%,0%,0%,0%,0%,14%
1165460,2,3,10,2,4,5,6,3,1,23,3,17,9400,30,911,1.76,313.33,9.69,91%,0%,9%,40%,13%,0%,0%,0%,0%,0%,0%,46.80%,4%,82%,13%,1%,60%,17%,0%,0%,0%,0%,0%,0%,0%,13%,10%
1165720,2,3,5,2,4,4,4,4,1,31,6,38,9600,48,1185,1.26,200,12.34,60%,38%,2%,19%,2%,10%,0%,0%,10%,5%,0%,53.60%,24%,64%,2%,11%,39%,1%,5%,24%,2%,5%,10%,0%,0%,2%,12%
1166020,3,3,17,2,4,1,7,2,1,26,4,41,22085,61,2611,1.49,362.05,11.82,88%,5%,7%,56%,0%,0%,0%,0%,2%,0%,1%,40.60%,22%,73%,2%,4%,76%,3%,10%,1%,0%,1%,2%,4%,0%,0%,3%
1166080,2,1,10,2,4,8,2,4,1,21,6,23,8575,36,1001.5,1.57,238.19,11.68,100%,0%,0%,12%,3%,3%,20%,0%,0%,14%,0%,47.50%,31%,58%,3%,8%,46%,0%,30%,18%,2%,0%,0%,0%,0%,3%,0%
1166340,2,1,4,2,4,5,5,4,1,48,3,17,5635,22,770.8,1.29,256.14,13.68,91%,0%,9%,4%,0%,33%,0%,0%,0%,0%,0%,63.20%,24%,66%,0%,11%,21%,0%,17%,33%,0%,0%,0%,3%,0%,0%,25%
1166460,2,3,10,2,4,5,3,4,1,40,3,34,15625,49,1877,1.44,318.88,12.01,92%,8%,1%,0%,0%,0%,6%,0%,0%,0%,1%,93.30%,38%,57%,0%,5%,73%,1%,0%,5%,13%,0%,0%,0%,0%,0%,8%
1166470,3,1,10,2,4,5,2,4,1,29,2,15,6100,32,771,2.13,190.63,12.64,99%,0%,1%,48%,0%,0%,0%,0%,0%,0%,0%,52.50%,39%,61%,0%,0%,68%,0%,27%,0%,0%,0%,0%,4%,0%,0%,0%
1166740,2,3,10,2,4,3,5,1,1,38,4,13,6925,13,940.5,1,532.69,13.58,89%,11%,0%,6%,0%,0%,9%,0%,9%,0%,0%,76.20%,57%,43%,0%,0%,48%,0%,2%,36%,6%,0%,9%,0%,0%,0%,0%
1166870,2,3,10,2,4,4,6,4,1,13,3,6,8250,17,1315,2.83,485.29,15.94,56%,22%,22%,0%,0%,96%,0%,0%,3%,0%,0%,0.90%,1%,99%,0%,0%,0%,0%,0%,96%,0%,1%,3%,0%,0%,0%,0%
1166960,3,1,10,2,4,5,5,4,1,19,2,9,2800,12,281.5,1.33,233.33,10.05,100%,0%,0%,0%,0%,19%,0%,0%,0%,0%,0%,81.30%,0%,79%,0%,21%,39%,0%,0%,19%,0%,0%,0%,0%,0%,0%,42%
1166980,2,1,10,2,4,4,3,4,1,25,4,13,5300,28,676.5,2.15,189.29,12.76,100%,0%,0%,64%,0%,0%,0%,0%,3%,4%,0%,29.70%,26%,70%,0%,4%,76%,13%,5%,0%,0%,3%,3%,0%,0%,0%,0%
1167090,2,3,10,2,4,5,5,4,1,15,3,5,9025,22,1218,4.4,410.23,13.5,78%,22%,0%,4%,0%,0%,0%,0%,90%,0%,0%,5.80%,6%,94%,0%,0%,8%,0%,0%,0%,0%,2%,90%,0%,0%,0%,0%
1167230,3,3,10,2,3,5,4,4,1,29,5,23,5050,28,851,1.22,180.36,16.85,93%,7%,0%,0%,0%,9%,4%,9%,0%,0%,10%,67.80%,53%,37%,0%,10%,17%,43%,7%,15%,0%,4%,0%,0%,9%,0%,5%
1167340,3,3,17,2,4,4,9,4,1,13,4,19,29100,25,3302.75,1.32,1164,11.35,100%,0%,0%,25%,18%,2%,0%,0%,0%,0%,0%,55.80%,17%,65%,18%,0%,62%,13%,0%,3%,0%,4%,0%,0%,0%,18%,0%
1167350,2,1,4,2,4,5,2,4,2,20,3,15,5500,19,460,1.27,289.47,8.36,76%,19%,5%,0%,11%,0%,0%,3%,0%,0%,0%,86.40%,14%,51%,21%,15%,69%,15%,0%,0%,0%,0%,0%,0%,3%,14%,0%
1167670,3,3,10,2,4,4,6,4,1,15,3,9,12300,14,1385,1.56,878.57,11.26,100%,0%,0%,24%,0%,0%,58%,0%,0%,0%,0%,18.70%,10%,90%,0%,0%,100%,0%,0%,0%,0%,0%,0%,0%,0%,0%,0%
